Date,actual_up,logit_prob_up,rf_prob_up
2023-01-03,1,0.5556409125752069,0.5567006207012509
2023-01-04,0,0.5355625627594204,0.5480753582679799
2023-01-05,1,0.5587094801465479,0.5542194721346448
2023-01-06,0,0.5252190334790013,0.5045921093257597
2023-01-09,1,0.5519435709296455,0.5508552722735987
2023-01-10,1,0.5427510329068346,0.5541428384985171
2023-01-11,1,0.5300532089940598,0.5347087325474081
2023-01-12,1,0.5357588819741219,0.5197259223348784
2023-01-13,0,0.5390100176079764,0.5420683190601383
2023-01-17,0,0.5426020846432982,0.5611049330851365
2023-01-18,0,0.5477758042398222,0.5413034824520543
2023-01-19,1,0.5472310476871365,0.5543754068922531
2023-01-20,1,0.5321816916840473,0.48497808703521833
2023-01-23,0,0.5474108175310234,0.5548447045422538
2023-01-24,1,0.5550642678473439,0.5563919006585801
2023-01-25,1,0.532976813552001,0.5463542594357215
2023-01-26,1,0.5296834084157561,0.5068925003882941
2023-01-27,0,0.5468781010329566,0.5359318645074619
2023-01-30,1,0.5559642866909806,0.5509006395243788
2023-01-31,1,0.5252047939639569,0.5471948844261959
2023-02-01,1,0.5333039638069617,0.5197151153408821
2023-02-02,0,0.5316610449548407,0.5044689904273608
2023-02-03,0,0.5450761845748,0.547637816223979
2023-02-06,1,0.5438226602455859,0.552976465407865
2023-02-07,0,0.5262624166051534,0.5391837342467468
2023-02-08,0,0.5624517757220758,0.563941882141233
2023-02-09,1,0.5561413295117226,0.560381545521025
2023-02-10,1,0.5453862364895201,0.5490625100696763
2023-02-13,0,0.5477795662295999,0.5537213136529906
2023-02-14,1,0.5529598499748877,0.5624059665404608
2023-02-15,0,0.54784118293067,0.5508601079896517
2023-02-16,0,0.5541005130524356,0.5567605607039469
2023-02-17,0,0.5437832349585847,0.549255772281825
2023-02-21,0,0.5665211775619459,0.5469026232334362
2023-02-22,1,0.5553378458018579,0.5587907154447922
2023-02-23,0,0.5504845049319967,0.5471468680046286
2023-02-24,1,0.5633967234010825,0.5511934447974709
2023-02-27,0,0.5506705275833457,0.5485442176200247
2023-02-28,0,0.5507879260279287,0.5550827424240756
2023-03-01,1,0.5529682075287062,0.5643717258258542
2023-03-02,1,0.5450862087184833,0.5516858824993502
2023-03-03,1,0.5375972015341395,0.5325295559253305
2023-03-06,0,0.5535957374859017,0.5498176722673334
2023-03-07,1,0.5474191221578197,0.5397084505283738
2023-03-08,0,0.5397477952219303,0.5487567134432125
2023-03-09,0,0.5586697486101647,0.5417237823434
2023-03-10,0,0.5539814271881959,0.5262962568287515
2023-03-13,1,0.550118537397485,0.5470999609476874
2023-03-14,0,0.5437356873524909,0.5257565307119567
2023-03-15,1,0.5605240238891114,0.557437226777052
2023-03-16,0,0.5293447581169676,0.5206842974693654
2023-03-17,1,0.550048727535378,0.5567239441613543
2023-03-20,1,0.5364565674163945,0.5501162498259442
2023-03-21,0,0.5357499359316806,0.5531381733788995
2023-03-22,1,0.5627520250498889,0.5433251446816053
2023-03-23,1,0.5376704348363374,0.5444339751402831
2023-03-24,1,0.5394311282384653,0.5472069096799091
2023-03-27,0,0.5564961754219825,0.5590977141909179
2023-03-28,1,0.5552850361307953,0.5584873378102007
2023-03-29,1,0.5340478354277008,0.5511479835605918
2023-03-30,1,0.5454605760375852,0.5534717406918626
2023-03-31,1,0.5316133810744149,0.5279874081228456
2023-04-03,0,0.5394366499409375,0.5205729736624591
2023-04-04,0,0.5450842568298473,0.5532768793554874
2023-04-05,1,0.5425964274702444,0.5544431732075403
2023-04-06,1,0.5441940123118268,0.546092202457358
2023-04-10,1,0.5535831187162131,0.5590072179638921
2023-04-11,0,0.5528888731272239,0.5522697316650852
2023-04-12,1,0.5502934200096902,0.5584578494121579
2023-04-13,0,0.535637731365681,0.5504707727682295
2023-04-14,1,0.5530406651614314,0.5593197572902188
2023-04-17,1,0.5467001003967364,0.5636059681848893
2023-04-18,0,0.5461972403729297,0.5623600585018173
2023-04-19,0,0.5508509989473258,0.5573466809231766
2023-04-20,1,0.5527017687481974,0.5627145479406693
2023-04-21,1,0.54793351126696,0.5570926915336569
2023-04-24,0,0.5529521713022598,0.5569856332557768
2023-04-25,0,0.5589728740610471,0.5579206642048107
2023-04-26,1,0.5516058566794833,0.5634440953720723
2023-04-27,1,0.5321634272087132,0.49629652141236763
2023-04-28,0,0.5493758499593083,0.5660358484002712
2023-05-01,0,0.5540763270818798,0.5666213794014455
2023-05-02,0,0.5388982372571164,0.5481921278739709
2023-05-03,0,0.5423955919974358,0.5570830778534296
2023-05-04,1,0.553095962182116,0.5597503792333918
2023-05-05,1,0.5392317392232966,0.5059823034432654
2023-05-08,0,0.5650344110780352,0.5889033715789733
2023-05-09,1,0.5593577356705898,0.5706885795264414
2023-05-10,0,0.5325905651888316,0.553263781033372
2023-05-11,0,0.5498474833685538,0.5585031220189908
2023-05-12,1,0.5525667008428189,0.5607888882639639
2023-05-15,0,0.5499620465442,0.5540583095726176
2023-05-16,1,0.5592306850210105,0.5582511591200422
2023-05-17,1,0.5360199509455795,0.5490472005286855
2023-05-18,0,0.5373866709189888,0.5544385253709961
2023-05-19,1,0.5443003092713165,0.5622776343999503
2023-05-22,0,0.5437342150086474,0.5488897991361101
2023-05-23,0,0.5492552747973576,0.557480678890982
2023-05-24,1,0.5509257488342738,0.5561990145856598
2023-05-25,1,0.5426578834295172,0.5517901327281541
2023-05-26,1,0.5436354473309611,0.5648799379031132
2023-05-30,0,0.5545485416493985,0.5623914258010825
2023-05-31,1,0.5406833501599667,0.5507652568624207
2023-06-01,1,0.5300401758806197,0.5605066005956229
2023-06-02,0,0.5332707816651808,0.5168930916234119
2023-06-05,1,0.5539752147640687,0.5703417904224378
2023-06-06,0,0.5420267190190169,0.5524428873663212
2023-06-07,1,0.5417337870385608,0.5671495368124596
2023-06-08,1,0.5448400322258626,0.5586783760316101
2023-06-09,1,0.5466319335760368,0.5593600871481101
2023-06-12,1,0.5419074462279124,0.5603366463166544
2023-06-13,1,0.5373459635058524,0.5527865356092692
2023-06-14,1,0.5390399276123112,0.5523443346930205
2023-06-15,0,0.5251076639795127,0.5312267807680702
2023-06-16,0,0.5398976152742838,0.5534114571727767
2023-06-20,0,0.5490260073874755,0.5592963504615769
2023-06-21,1,0.5489602971251865,0.5662911921074564
2023-06-22,0,0.5500739220309624,0.5648000525448568
2023-06-23,0,0.5591956320721101,0.5710735088351123
2023-06-26,1,0.5581680847353014,0.5654753946365981
2023-06-27,1,0.5445365023031264,0.5569431991914214
2023-06-28,1,0.5565790227987669,0.5672522733022999
2023-06-29,1,0.5509286451515025,0.5610378838483018
2023-06-30,1,0.5296902588682355,0.5547550739675635
2023-07-03,0,0.5550336198621982,0.5788846104942403
2023-07-05,0,0.5494574629947929,0.5564585179701949
2023-07-06,0,0.5486210431266124,0.5618674187003343
2023-07-07,1,0.5476978072002113,0.5558684995489083
2023-07-10,1,0.5541207999119115,0.5593211760010657
2023-07-11,1,0.5528549837198307,0.5654229519720609
2023-07-12,1,0.5434107734368553,0.5595086379155753
2023-07-13,0,0.5419646469036291,0.5285077882799102
2023-07-14,1,0.5456329309384862,0.5609343488119339
2023-07-17,1,0.5431719706272982,0.5516930397809219
2023-07-18,1,0.5355973249241219,0.5563846514968044
2023-07-19,0,0.5470896076345072,0.5565611880212031
2023-07-20,0,0.5514768738161582,0.5563559318518896
2023-07-21,1,0.5439464549419764,0.5551774994982316
2023-07-24,1,0.5492734102436524,0.554566713903845
2023-07-25,1,0.5544007175710159,0.5674724935815242
2023-07-26,0,0.5498571287672205,0.5520291867766256
2023-07-27,1,0.5473981363095168,0.5526160959560124
2023-07-28,1,0.5368862996613664,0.5520073867278924
2023-07-31,0,0.5521805623792252,0.5570594332627304
2023-08-01,0,0.5577267277019564,0.5664245081286597
2023-08-02,0,0.5505769095903887,0.5567745606967149
2023-08-03,0,0.5517199933537544,0.5599150690811024
2023-08-04,1,0.5519427023967398,0.5594291486184229
2023-08-07,0,0.5555898234692992,0.5642705977880856
2023-08-08,0,0.5612000261774918,0.5670648835955867
2023-08-09,1,0.5551273952303234,0.5717061186204832
2023-08-10,0,0.54315199172054,0.5567450896604201
2023-08-11,1,0.5555274233207831,0.5686292338368429
2023-08-14,0,0.5573667893005085,0.5828563259681284
2023-08-15,0,0.5618800434603417,0.5639973165788712
2023-08-16,0,0.5536329684832598,0.5571355069844091
2023-08-17,1,0.5528695474519136,0.5538532143322394
2023-08-18,1,0.5526068571103331,0.5597748614595959
2023-08-21,0,0.5565706152978691,0.5652993654155554
2023-08-22,1,0.5625254752509824,0.574962477301681
2023-08-23,0,0.5431471548666273,0.5485991939593711
2023-08-24,1,0.5572703357332703,0.565434075676696
2023-08-25,1,0.5350670148171932,0.5475008472569743
2023-08-28,1,0.5479392457568233,0.5577449012254244
2023-08-29,1,0.539555807274195,0.5635961096047765
2023-08-30,0,0.5461738136860427,0.5544104552944688
2023-08-31,1,0.5442026758144572,0.5572366519398936
2023-09-01,0,0.5412238872322445,0.5620407590622434
2023-09-05,0,0.5527585175413885,0.5597516275303045
2023-09-06,0,0.5546502617870854,0.5681141285478072
2023-09-07,1,0.552999649063527,0.5630752527984962
2023-09-08,1,0.5546938953316329,0.5710355883766077
2023-09-11,0,0.5524128544350627,0.5672472947029655
2023-09-12,1,0.5585159190625408,0.5748145563755949
2023-09-13,1,0.5497135078991047,0.5526432573709488
2023-09-14,0,0.5374860271259356,0.5554764853075724
2023-09-15,1,0.5522673046816919,0.5637596526267807
2023-09-18,0,0.550625244984518,0.5528774355243748
2023-09-19,0,0.55180486483369,0.5591475808854789
2023-09-20,0,0.5596484800904014,0.5735736709014169
2023-09-21,0,0.5596970272976476,0.548835828187716
2023-09-22,1,0.5501359873020041,0.5618711918540396
2023-09-25,0,0.5584438020416594,0.5676051730959041
2023-09-26,1,0.5702047198828218,0.5687762123336999
2023-09-27,1,0.5481561229336007,0.5545476039436452
2023-09-28,0,0.5465832662700933,0.5578215890219539
2023-09-29,0,0.5541702475570475,0.5691259328534268
2023-10-02,0,0.5525105645840009,0.5566311433434897
2023-10-03,1,0.5560537343126655,0.5632902488283575
2023-10-04,0,0.5439761234701918,0.5568058660427807
2023-10-05,1,0.5593954549761275,0.5641751916641412
2023-10-06,1,0.5406932311738791,0.5519737377866364
2023-10-09,1,0.5464817241659008,0.5521447379787879
2023-10-10,1,0.5432228948065408,0.5511745567797327
2023-10-11,0,0.5438691753377899,0.5734900966064109
2023-10-12,0,0.5486214360115821,0.5553256470130797
2023-10-13,1,0.5460471393538185,0.5608381782318164
2023-10-16,0,0.5414687940343812,0.552767402208636
2023-10-17,0,0.5564849267584394,0.5634552778099267
2023-10-18,0,0.5595525725537095,0.5629122550839419
2023-10-19,0,0.5442872263514698,0.5537232734190655
2023-10-20,0,0.554207345076169,0.553639414085658
2023-10-23,1,0.5603597011739417,0.5636325667606745
2023-10-24,0,0.558016356990563,0.5678536658515443
2023-10-25,0,0.5709401930021543,0.5669008689877721
2023-10-26,0,0.5561894716026085,0.5609402925680582
2023-10-27,1,0.5511591714968589,0.5579870743860575
2023-10-30,1,0.5512007493948826,0.5614528315821602
2023-10-31,1,0.5595038427564288,0.5669468818802109
2023-11-01,1,0.5421089343503147,0.5559264868102997
2023-11-02,1,0.526485135630113,0.465198716031829
2023-11-03,1,0.5313852578180016,0.4700357868732008
2023-11-06,1,0.5395672145024302,0.5249338559865422
2023-11-07,1,0.5361295689876386,0.5359174452567619
2023-11-08,0,0.5436149379916311,0.5616825988006448
2023-11-09,1,0.5515123469632377,0.5539479040774582
2023-11-10,0,0.5316248881516998,0.517064391864129
2023-11-13,1,0.5572869844387771,0.5602147353210648
2023-11-14,1,0.5282391348714904,0.4773319329139047
2023-11-15,1,0.5420705555147871,0.52585255600928
2023-11-16,1,0.5412894858745013,0.4880908794141277
2023-11-17,1,0.5356407743093465,0.5283847969138926
2023-11-20,0,0.5381243466051937,0.49985991742735436
2023-11-21,1,0.5545628533234226,0.5525888578406639
2023-11-22,1,0.5453605404466314,0.5219092025666616
2023-11-24,0,0.5531131995946386,0.5471509392593972
2023-11-27,1,0.5529106003555402,0.5579311656036949
2023-11-28,0,0.548003199387774,0.5505414850252135
2023-11-29,1,0.5504841794838493,0.5522724406046193
2023-11-30,1,0.544270821038786,0.5494724012602884
2023-12-01,0,0.5407651402474418,0.5556814102214506
2023-12-04,0,0.5523112045100408,0.5645164887681617
2023-12-05,0,0.5455171581239139,0.5551999958082351
2023-12-06,1,0.5505439864404658,0.5593023628558167
2023-12-07,1,0.5451947423623908,0.5648000525448568
2023-12-08,1,0.5459210727804691,0.5593076719939379
2023-12-11,1,0.547831842660106,0.5659025380572413
2023-12-12,1,0.5420676864989712,0.5566916607354535
2023-12-13,1,0.527265311912476,0.5081743135637515
2023-12-14,0,0.5337119665329796,0.4965375526110709
2023-12-15,1,0.5335431657412188,0.5149693969415164
2023-12-18,1,0.5362512207084689,0.5590936712161
2023-12-19,0,0.5434401385464815,0.5552027706185239
2023-12-20,1,0.5554440534733935,0.5612835489204199
2023-12-21,1,0.5345980211228836,0.5490818257061308
2023-12-22,1,0.5498770890865324,0.5531275792907536
2023-12-26,1,0.5533559558643442,0.5600368859739803
2023-12-27,1,0.5475513345847968,0.557063787735503
2023-12-28,0,0.5454734693819965,0.5547476653599279
2023-12-29,0,0.5421525963128244,0.5537706647836701
2024-01-02,0,0.5460051902457799,0.5579744310098517
2024-01-03,0,0.5537190025391716,0.562393014072307
2024-01-04,1,0.5556264089206269,0.5583316618193858
2024-01-05,1,0.5552663965835419,0.5661825048235741
2024-01-08,0,0.5468996108256029,0.5637637862201215
2024-01-09,1,0.5585517930513589,0.5679000515412274
2024-01-10,0,0.5439687654554975,0.550117279741137
2024-01-11,1,0.5446251705686009,0.5613526299277868
2024-01-12,0,0.5496169819151556,0.5542994163700972
2024-01-16,0,0.5504110645070519,0.5593023628558167
2024-01-17,1,0.555686868893064,0.5598951260984272
2024-01-18,1,0.5409735659832168,0.5549331837161974
2024-01-19,1,0.537752830272972,0.5358270780942592
2024-01-22,1,0.5510800176069034,0.5649609003203864
2024-01-23,1,0.5458026091150162,0.5678105367403404
2024-01-24,1,0.5396256720824495,0.5596900170585627
2024-01-25,0,0.5421103950515747,0.5551264457619537
2024-01-26,1,0.5495386336586439,0.561408732721874
2024-01-29,0,0.5435644396504185,0.5479154770520062
2024-01-30,0,0.5517229016010401,0.5604486196402569
2024-01-31,1,0.5500410504835408,0.546925304661343
2024-02-01,1,0.530606581019901,0.5528415458328824
2024-02-02,0,0.5403907807126584,0.5598431377587398
2024-02-05,1,0.5580659030333232,0.5728279215142252
2024-02-06,1,0.5443050932411377,0.5533972397291302
2024-02-07,1,0.5363569007835737,0.5581503361038965
2024-02-08,1,0.5525793021910402,0.5676315394657155
2024-02-09,0,0.5431972454959484,0.5525475821937285
2024-02-12,0,0.5481237130258121,0.5603499065623676
2024-02-13,1,0.5501650692213882,0.5547565472740614
2024-02-14,1,0.5390877028761466,0.5565935454221546
2024-02-15,0,0.5492625333089414,0.5602923139445735
2024-02-16,0,0.5580210738841926,0.5718625185313418
2024-02-20,1,0.550012673258451,0.565108575414612
2024-02-21,1,0.5470858885785325,0.5595030280948677
2024-02-22,1,0.5336526478310438,0.5125111839608869
2024-02-23,0,0.5551045218514465,0.5671662322608949
2024-02-26,1,0.5501592970376792,0.5559030262791884
2024-02-27,0,0.5393878380762657,0.5443726649589365
2024-02-28,1,0.5485640881342077,0.5548802105953906
2024-02-29,1,0.5438238201444859,0.5655857135588648
2024-03-01,0,0.5395643037321672,0.5573256400954831
2024-03-04,0,0.5537656878646018,0.5643118750293705
2024-03-05,1,0.5511780670512052,0.558809398738726
2024-03-06,1,0.5383830852566416,0.5545969224366529
2024-03-07,0,0.5442815775837985,0.5611353206276327
2024-03-08,0,0.5537617318260988,0.5713967470411129
2024-03-11,1,0.5471512297968366,0.5583487395577059
2024-03-12,0,0.5339895156737667,0.5550411276599693
2024-03-13,0,0.5559967777417605,0.574868817645883
2024-03-14,0,0.5385314993830429,0.5155916190071865
2024-03-15,1,0.5416313716474774,0.5593618393759885
2024-03-18,1,0.5392937549503661,0.5520009105807797
2024-03-19,1,0.5505709101262891,0.5570384260842415
2024-03-20,1,0.5442871147245751,0.5338075357648984
2024-03-21,0,0.546168732808418,0.5568892262103325
2024-03-22,0,0.542636195545607,0.5604511575969191
2024-03-25,0,0.5495001774335087,0.5613763062832953
2024-03-26,1,0.5492615080501824,0.5598809890226266
2024-03-27,0,0.5412865687516715,0.5571401270315514
2024-03-28,0,0.547731643961002,0.5598137968467124
2024-04-01,0,0.5525020898600326,0.5562815793625326
2024-04-02,1,0.5510398111280457,0.5616413760190363
2024-04-03,0,0.5509983786075874,0.5538184602142286
2024-04-04,1,0.5587671706327715,0.5607624478677085
2024-04-05,1,0.5445929805291101,0.5642043064383359
2024-04-08,1,0.5603079237299203,0.5713385875284178
2024-04-09,0,0.5540727701732544,0.5621767454300935
2024-04-10,1,0.5545685734708727,0.5640613291218048
2024-04-11,0,0.5420660521351849,0.5483162113886706
2024-04-12,0,0.5606768157032214,0.5657307057823359
2024-04-15,0,0.5587785121786788,0.5724589850102413
2024-04-16,0,0.5541031372279177,0.5588620090892956
2024-04-17,0,0.5649930387422312,0.5685710771184876
2024-04-18,0,0.5629244571329217,0.56799513445764
2024-04-19,1,0.557750785727359,0.5592184760975897
2024-04-22,1,0.5495323502246312,0.563815821833192
2024-04-23,0,0.5499827431686316,0.5573229299031316
2024-04-24,0,0.5595443507557998,0.5617990623178057
2024-04-25,1,0.5490721643356014,0.5597294236485578
2024-04-26,1,0.536623112770186,0.5528725512537789
2024-04-29,0,0.5530126899129512,0.5770333175285347
2024-04-30,0,0.5611277388063397,0.5614541972889907
2024-05-01,1,0.5446094706915422,0.5617509012640028
2024-05-02,1,0.5451726018589683,0.5485172801057734
2024-05-03,1,0.5479524162527385,0.5631759264287504
2024-05-06,1,0.5499228060960407,0.5642213225988759
2024-05-07,1,0.5448984797702193,0.5612010028824518
2024-05-08,1,0.543069866254438,0.5659651419765789
2024-05-09,1,0.5400492152675875,0.5711347000667082
2024-05-10,1,0.5477139398661968,0.5575456225447062
2024-05-13,1,0.5526224724092793,0.5749652829882901
2024-05-14,1,0.5423393510426063,0.5567469775731682
2024-05-15,0,0.5368566632505423,0.5483002062046701
2024-05-16,1,0.5515559651211159,0.5537818718252683
2024-05-17,1,0.5409029879757585,0.5559761845941548
2024-05-20,1,0.5466381123224876,0.5800317341457646
2024-05-21,0,0.5510166493509434,0.5746876949656905
2024-05-22,0,0.5525270126278418,0.5590744104351919
2024-05-23,1,0.5523706160329062,0.5620272824745163
2024-05-24,1,0.5459739794869651,0.5507844162658134
2024-05-28,0,0.5567894248334042,0.5653357646435851
2024-05-29,0,0.5601917349950305,0.5709981757081904
2024-05-30,1,0.5543471558177995,0.5547283249864506
2024-05-31,1,0.5314878430918378,0.524125321609188
2024-06-03,1,0.5568118263233078,0.5698914129334559
2024-06-04,1,0.5564581849453818,0.5641867609053177
2024-06-05,0,0.5370945408938506,0.5571818384514358
2024-06-06,0,0.5529988831113078,0.566909880144302
2024-06-07,1,0.5481696418436648,0.5529449922713671
2024-06-10,1,0.543982975310919,0.5584886885611027
2024-06-11,1,0.548832558925899,0.5559236327165852
2024-06-12,1,0.538238392644426,0.5258271332343208
2024-06-13,1,0.5469928119013602,0.559936490763412
2024-06-14,1,0.5467085712986203,0.5515583396669004
2024-06-17,1,0.5347036089573214,0.5538652945027392
2024-06-18,0,0.5461661663007954,0.5582055351840063
2024-06-20,0,0.5427387669009187,0.5520430025284601
2024-06-21,0,0.5413740086772741,0.5579653667027727
2024-06-24,1,0.5509481363731578,0.5604569316834743
2024-06-25,1,0.5504962613530429,0.557013141758146
2024-06-26,1,0.5540199867878072,0.5601187776803778
2024-06-27,0,0.5532979382509724,0.5663785788108308
2024-06-28,1,0.5460256461529864,0.555249511391152
2024-07-01,1,0.5489214354763466,0.5549331837161974
2024-07-02,1,0.5471318479888688,0.5531645442942165
2024-07-03,1,0.5524493861742481,0.5719182299964232
2024-07-05,1,0.5453327930905938,0.5552448790475296
2024-07-08,1,0.5478054320938438,0.5587038684089036
2024-07-09,1,0.549601224191455,0.5515286706098356
2024-07-10,0,0.5397459817860192,0.5210606991034236
2024-07-11,1,0.5537962986077909,0.5646875680070118
2024-07-12,1,0.538494959923906,0.5517192105971815
2024-07-15,1,0.5467817898816437,0.5611460760361615
2024-07-16,0,0.5484623660808099,0.5598082164174295
2024-07-17,0,0.5559852227858788,0.5675440228632858
2024-07-18,0,0.5479895851691186,0.5612766666446966
2024-07-19,1,0.5497655526737959,0.5510958418820534
2024-07-22,0,0.5500573394700398,0.5646973191953305
2024-07-23,0,0.56428177883091,0.5720594915978318
2024-07-24,0,0.5630529888203946,0.5578951909199046
2024-07-25,1,0.5460859437585547,0.5595412749299414
2024-07-26,1,0.5445506719706676,0.5526733802152587
2024-07-29,0,0.5665073165325972,0.5700011452916329
2024-07-30,1,0.5590298054976365,0.5660408526658524
2024-07-31,0,0.5259763440323051,0.5214113204572537
2024-08-01,0,0.5540881869033321,0.5444283850563182
2024-08-02,0,0.5543870570082747,0.5470278202558645
2024-08-05,1,0.5554178613570043,0.533238571995524
2024-08-06,0,0.5456324100830166,0.5437256709324502
2024-08-07,1,0.575265861200079,0.5522642786656058
2024-08-08,1,0.5461956069153442,0.5082859014204516
2024-08-09,1,0.5526365837401335,0.5509118311443995
2024-08-12,1,0.5461656124560998,0.5532569669024114
2024-08-13,1,0.5235661006056067,0.47332277192880673
2024-08-14,1,0.5411773702635043,0.5241064831123693
2024-08-15,1,0.5264588601188396,0.4852073779512173
2024-08-16,1,0.5379736860059321,0.5227270360559113
2024-08-19,0,0.5306425432418929,0.501673136723488
2024-08-20,1,0.5407471522251863,0.5547593030076351
2024-08-21,0,0.5376326564815116,0.5304457894439529
2024-08-22,1,0.5476892554051587,0.553475154232903
2024-08-23,0,0.5353073065395246,0.5315586127893804
2024-08-26,1,0.5524113235851409,0.5527362319829
2024-08-27,0,0.5483924230546031,0.5525193371040104
2024-08-28,1,0.5497836370485332,0.5607447562015608
2024-08-29,1,0.5468144047920747,0.5547237706695378
2024-08-30,0,0.5391913535906597,0.5464310335923878
2024-09-03,0,0.5652502038630726,0.5561925895894485
2024-09-04,0,0.5474063452789495,0.5546656032896041
2024-09-05,0,0.5527030474710914,0.5544993761310245
2024-09-06,1,0.5644886153941809,0.5446394683643999
2024-09-09,1,0.5478176960283064,0.5502180031387028
2024-09-10,1,0.5572697357323613,0.5522810823715851
2024-09-11,1,0.5392223239693766,0.5422517626917682
2024-09-12,1,0.538389928544853,0.5526687808384683
2024-09-13,1,0.5401699502168722,0.5209427633486429
2024-09-16,1,0.5423188324323668,0.5568060884873967
2024-09-17,0,0.5396742494269248,0.5556441356810261
2024-09-18,1,0.542828784611244,0.5580860137527961
2024-09-19,0,0.524296839497479,0.5181321559686637
2024-09-20,1,0.5439505386451583,0.554217560910125
2024-09-23,1,0.5440161404741231,0.5516452860586282
2024-09-24,0,0.5390237226511632,0.5523960638884395
2024-09-25,1,0.54998955371041,0.5562489542159267
2024-09-26,0,0.5436801265781972,0.5509321437552657
2024-09-27,1,0.5508002679158476,0.5545885565988623
2024-09-30,0,0.5407776996788694,0.5514337339267564
2024-10-01,1,0.5500130190149028,0.5605759085843419
2024-10-02,0,0.5506387099235598,0.5547682642638346
2024-10-03,1,0.5545666273291979,0.5623375828490531
2024-10-04,0,0.5483389158219288,0.5679524120000049
2024-10-07,1,0.5607854890400131,0.5662858171284352
2024-10-08,1,0.5436681373862892,0.5526325213779132
2024-10-09,0,0.5463249740350894,0.5598392259264945
2024-10-10,1,0.553254250906529,0.5693642976478741
2024-10-11,1,0.5415346807459616,0.5509046383662625
2024-10-14,0,0.5415129693357726,0.5298221382047524
2024-10-15,1,0.5525680174188504,0.5628567977688987
2024-10-16,1,0.5448392830220027,0.5539301585277557
2024-10-17,1,0.5501946914019338,0.5604693535684109
2024-10-18,0,0.5501123433908659,0.5651031846809083
2024-10-21,0,0.5533933069101655,0.562582222437976
2024-10-22,0,0.5513412354501044,0.5550764513297051
2024-10-23,1,0.5538429466516605,0.5636284296533765
2024-10-24,0,0.5508214556127667,0.552856357228346
2024-10-25,1,0.5524896303304798,0.5593016845781125
2024-10-28,1,0.556395270772379,0.5653221184229086
2024-10-29,0,0.5486705522249663,0.5569856332557768
2024-10-30,0,0.551402284252022,0.5593023628558167
2024-10-31,1,0.5555228495635289,0.550054198206656
2024-11-01,0,0.5434824983653674,0.5552534620003399
2024-11-04,1,0.5615973964556954,0.5636120098401911
2024-11-05,1,0.5512820673217722,0.564437224529041
2024-11-06,1,0.5218561610171936,0.48872598957437546
2024-11-07,1,0.5386236820173362,0.49431273887182525
2024-11-08,1,0.5304418851907035,0.5195988663252102
2024-11-11,0,0.5314202393836487,0.48799527745429133
2024-11-12,1,0.5396425475967878,0.5543170563366427
2024-11-13,0,0.5413019274667612,0.5528440507907543
2024-11-14,0,0.5546871014382195,0.5603011656511371
2024-11-15,1,0.5492637564952713,0.531687335366871
2024-11-18,1,0.5491482481107741,0.5468794815924567
2024-11-19,1,0.5515419759518962,0.5599626821540578
2024-11-20,1,0.5542615130616714,0.5654485753794349
2024-11-21,1,0.543825620982379,0.5499838210453788
2024-11-22,1,0.5463465424572368,0.5537957773480952
2024-11-25,1,0.5450403133327556,0.548091125319957
2024-11-26,0,0.5409776042853911,0.5511383898730364
2024-11-27,1,0.5519637145852597,0.561721077451378
2024-11-29,1,0.5451437790559912,0.5624815214129465
2024-12-02,1,0.5497464442288309,0.5627025513008782
2024-12-03,1,0.5530026672695775,0.578193960381105
2024-12-04,0,0.5411629846184826,0.555740213956923
2024-12-05,1,0.5541251359339256,0.5665606782240155
2024-12-06,0,0.5495006207075166,0.5528320902633888
2024-12-09,0,0.5537333292605059,0.5604569316834743
2024-12-10,1,0.5527275736719651,0.5623145687426274
2024-12-11,0,0.5482395313087803,0.5538794484376921
2024-12-12,0,0.5607341823253335,0.5729846068043642
2024-12-13,1,0.5518679849990283,0.5606277116573437
2024-12-16,0,0.5423725711919093,0.5554764853075724
2024-12-17,0,0.5480491680996564,0.5616413266978895
2024-12-18,0,0.5601256075554027,0.5319694568329109
2024-12-19,1,0.5400056377311276,0.5352926670929932
2024-12-20,1,0.5396680640223055,0.5274107786461285
2024-12-23,1,0.5615561254059971,0.5762654899016566
2024-12-24,1,0.5462170580362999,0.550674751395727
2024-12-26,0,0.5431902664812389,0.5546307120643305
2024-12-27,0,0.5472299643050405,0.5510430522269627
2024-12-30,0,0.550484693908428,0.5519185109614082
2024-12-31,0,0.5520202718391588,0.5487697543101406
2025-01-02,1,0.5608762999626484,0.5614719736967683
2025-01-03,1,0.5505590359793855,0.5558330289149221
2025-01-06,0,0.551360697920239,0.5516059154272266
2025-01-07,1,0.556656745949054,0.5521216399861062
2025-01-08,0,0.5408677463388388,0.5446986394902602
2025-01-10,1,0.5571955806385698,0.5515604106394258
2025-01-13,1,0.5529992835908253,0.5564612758117155
2025-01-14,1,0.5561168508794795,0.5474311954432549
2025-01-15,0,0.5415008951064233,0.5220077032561219
2025-01-16,1,0.5559285490811839,0.5535823972142295
2025-01-17,1,0.5332638066677775,0.5440402284943064
2025-01-21,1,0.5348618742218787,0.5161066137469505
2025-01-22,1,0.5395481098261145,0.522279371700591
2025-01-23,0,0.5398978925571819,0.5579503933357483
2025-01-24,0,0.5474829782599324,0.5809739210777508
2025-01-27,1,0.5459821178814424,0.5445792920613753
2025-01-28,0,0.5390397179204655,0.5449294642084579
2025-01-29,1,0.5614370281123426,0.5678990666985793
2025-01-30,0,0.5527634392361033,0.5634603360766879
2025-01-31,0,0.54729104636633,0.5613253898910598
2025-02-03,1,0.5479513510447248,0.5606490640772079
2025-02-04,1,0.5479284127655726,0.5622951427243572
2025-02-05,1,0.555133452202122,0.5833730278454317
2025-02-06,0,0.5528722892487986,0.5608680944101598
2025-02-07,1,0.5528901189792415,0.5604250269160157
2025-02-10,1,0.5449681563204403,0.5660140346448739
2025-02-11,0,0.5538163349430956,0.5618739536841306
2025-02-12,1,0.5544875051063497,0.5671213541817702
2025-02-13,0,0.5398292285575239,0.5551376541725427
2025-02-14,1,0.5541088326367353,0.5594204867972941
2025-02-18,1,0.5498462265352394,0.5613410673825365
2025-02-19,0,0.5457456332063665,0.5552587530290088
2025-02-20,0,0.5512696630095877,0.559403196404969
2025-02-21,0,0.5531612617716556,0.5493256783144775
2025-02-24,0,0.5503891512517088,0.5623130253436166
2025-02-25,1,0.557323256314983,0.5700559735663122
2025-02-26,0,0.5614182815490874,0.5661927873910549
2025-02-27,1,0.5648332708140482,0.5646889458704127
2025-02-28,0,0.5319195177901047,0.5355569221960134
2025-03-03,0,0.5662521348159693,0.5476439143003788
2025-03-04,1,0.5535229255537589,0.5537594617257823
2025-03-05,0,0.5382128973878192,0.5471884542698233
2025-03-06,1,0.5709756148441657,0.5562812715658673
2025-03-07,0,0.5476121180815421,0.5574641804281764
2025-03-10,0,0.5683546753647333,0.5435654979977762
2025-03-11,1,0.5569601355799607,0.5425434824535441
2025-03-12,0,0.5530440938115232,0.5254169449784167
2025-03-13,1,0.5753234557184435,0.5709708530240841
2025-03-14,1,0.5411732261505126,0.486886159892559
2025-03-17,0,0.5505370182495997,0.541323270625858
2025-03-18,1,0.5590830514082966,0.5501084317392181
2025-03-19,0,0.5296074742307885,0.531324834694656
2025-03-20,1,0.5482109328757854,0.5496060962620617
2025-03-21,1,0.5460777065657484,0.5515974113551184
2025-03-24,1,0.5334433160642803,0.5203135270851932
2025-03-25,0,0.5525165307236133,0.5691742795946829
2025-03-26,0,0.5565606692844646,0.544560858044502
2025-03-27,0,0.5441402749076357,0.5594092465597638
2025-03-28,1,0.5615723400046972,0.547454934850656
2025-03-31,1,0.5420882497720658,0.5548030946769119
2025-04-01,1,0.5585365540609913,0.5487593263223421
2025-04-02,0,0.5499743416417217,0.5593139939222384
2025-04-03,0,0.5773872321275374,0.5412738906969582
2025-04-04,0,0.5713271895020029,0.5315141188090657
2025-04-07,0,0.5421822311222002,0.5173358966447581
2025-04-08,1,0.5948166376515983,0.56870440158148
2025-04-09,0,0.48931514868354364,0.5027833854436278
2025-04-10,1,0.5992121893039397,0.5566381128911787
2025-04-11,1,0.5021314578597206,0.4338593086074261
2025-04-14,0,0.4962925521975791,0.4592099033076715
2025-04-15,0,0.5408031771555819,0.5258732452750553
2025-04-16,1,0.5548987108404391,0.5479123351397298
2025-04-17,0,0.5293493350054825,0.5378055731419454
2025-04-21,1,0.5658100165442251,0.544975750889938
2025-04-22,1,0.5289232928378442,0.4955359016469966
2025-04-23,1,0.5389088544649897,0.5136029617588425
2025-04-24,1,0.5281966979262757,0.48179431974557013
2025-04-25,1,0.5216062714710042,0.49995645345306916
2025-04-28,1,0.5196451568166839,0.4965016295195821
2025-04-29,1,0.516936244265195,0.4812977545274737
2025-04-30,1,0.5274979027484441,0.5257602705966096
2025-05-01,1,0.5277531269721059,0.5179442824782747
2025-05-02,0,0.5227214651103042,0.5070279901177167
2025-05-05,0,0.5431395955253591,0.5170554225230674
2025-05-06,1,0.5389655970973571,0.5497616302972219
2025-05-07,1,0.5285738292135552,0.5453604831104869
2025-05-08,0,0.5412794419999969,0.5327238799444324
2025-05-09,1,0.5576683444563837,0.5646286289362514
2025-05-12,1,0.5115381651763795,0.43292618692718127
2025-05-13,1,0.5361951089250329,0.4412545770937376
2025-05-14,1,0.533001527503208,0.45033008763570187
2025-05-15,1,0.5203612387544505,0.4275251714367609
2025-05-16,1,0.5262190284945654,0.4428076105001747
2025-05-19,0,0.5412912014249692,0.49115070672825956
2025-05-20,0,0.5456131629873078,0.5343675229724867
2025-05-21,1,0.5477934816641243,0.5403026382218737
2025-05-22,0,0.5432015889599076,0.5514508314266177
2025-05-23,1,0.5568127266592626,0.5603863655152574
2025-05-27,0,0.5376503079088618,0.49918347697336907
2025-05-28,1,0.5585460519394386,0.561385437224665
2025-05-29,0,0.5402209043170066,0.553740555257556
2025-05-30,1,0.5347971278652938,0.5343830113873484
2025-06-02,1,0.5418611736039605,0.5571901030515964
2025-06-03,0,0.5442125758545061,0.551768809051393
2025-06-04,0,0.5501519506981394,0.5506334515338022
2025-06-05,1,0.5411532102458544,0.5444619734065455
2025-06-06,1,0.5360434975823556,0.5487725904413047
2025-06-09,1,0.5541811767621146,0.5750177211258579
2025-06-10,0,0.5452702636889213,0.5606654322864315
2025-06-11,1,0.545988307665413,0.5698069242875184
2025-06-12,0,0.5432616563141115,0.554863793349398
2025-06-13,1,0.5502556323001221,0.5558558266407918
2025-06-16,0,0.5366016331376404,0.5524843963325773
2025-06-17,0,0.5551154176930706,0.5652759461180319
2025-06-18,0,0.5497045673091413,0.5623456125747192
2025-06-20,1,0.5447392031041611,0.560146917830683
2025-06-23,1,0.5394981325224912,0.565952183371217
2025-06-24,1,0.545077915907581,0.5638929608090295
2025-06-25,1,0.5515988948352104,0.5564854388964526
2025-06-26,1,0.533541307527023,0.5286121612957819
2025-06-27,1,0.5339332849302783,0.5355060110576697
2025-06-30,0,0.5351635057848984,0.5292818505950444
2025-07-01,1,0.545435616470048,0.5566840362384631
2025-07-02,1,0.5421877347385938,0.5479154770520062
2025-07-03,0,0.5461157357448495,0.5580715996869953
2025-07-07,0,0.5531536447175196,0.5613115174841553
2025-07-08,1,0.5488647436319899,0.5508720292103015
2025-07-09,1,0.5438216993317261,0.5526917944496613
2025-07-10,0,0.5546314434795645,0.5627664117958614
2025-07-11,1,0.5553937149593325,0.559419682605619
2025-07-14,0,0.5496590768122517,0.5768061275359375
2025-07-15,1,0.5510813458682127,0.5604569316834743
2025-07-16,1,0.5429126871835652,0.5651815759188178
2025-07-17,0,0.5473659778062293,0.5556204491823504
2025-07-18,1,0.5539340355560451,0.5704381358955181
2025-07-21,1,0.5483098659958506,0.5527569508442209
2025-07-22,1,0.5497065639341504,0.5564786209393336
2025-07-23,1,0.5413339513413341,0.5526936971844912
2025-07-24,1,0.5490381159399261,0.5604929272271325
2025-07-25,0,0.547646279240157,0.5512907797942148
2025-07-28,0,0.5502663596571625,0.5625127156622124
2025-07-29,0,0.5511953737630029,0.5620301805319532
2025-07-30,0,0.5432465208820458,0.5526543095032574
2025-07-31,0,0.5430566362090403,0.5301071490215681
2025-08-01,1,0.5530635666545802,0.5256821775771355
2025-08-04,0,0.5387667111316868,0.5467723019931776
2025-08-05,1,0.5634605376495964,0.5695631338572612
2025-08-06,0,0.5501335884991893,0.5629897580133048
2025-08-07,1,0.5482440212498952,0.5611138665948706
2025-08-08,0,0.5423286413514831,0.561101335954233
2025-08-11,1,0.5521240879328796,0.5630816780890605
2025-08-12,1,0.5385214156007904,0.5545250409317556
2025-08-13,1,0.5458729695901078,0.5611946964982627
2025-08-14,0,0.5478113870775302,0.5527748339818668
2025-08-15,0,0.5454404287347301,0.5633043895721476
2025-08-18,0,0.5500828893555074,0.5580023034037547
2025-08-19,0,0.5539066688750467,0.5613123783310408
2025-08-20,0,0.5495826578717535,0.5655598281118183
2025-08-21,1,0.5580848604237315,0.557618886701984
2025-08-22,0,0.5377534659770954,0.5437947496336064
2025-08-25,1,0.5612614231959527,0.5696525693303875
2025-08-26,1,0.5471556139999251,0.5629049188181375
2025-08-27,1,0.5452487854232845,0.5607326298492303
2025-08-28,0,0.5451884264359943,0.5641835439492361
2025-08-29,0,0.5495423882834677,0.5604569316834743
2025-09-02,1,0.5474222143369917,0.5532003036395285
2025-09-03,1,0.5428580622281104,0.5516398629133797
2025-09-04,0,0.5478523133485196,0.5660703239718956
2025-09-05,1,0.5507072051656656,0.5670390596142779
2025-09-08,1,0.5448107266047902,0.5508321838846126
2025-09-09,1,0.5433707354538343,0.5559000590578635
2025-09-10,1,0.5433378686140026,0.5607851752843709
2025-09-11,0,0.5406117848905209,0.5246106389193547
2025-09-12,1,0.5462420885850993,0.5618483977989005
2025-09-15,0,0.5416242662911519,0.5512907797942148
2025-09-16,0,0.5483229718531062,0.5626669384567247
2025-09-17,1,0.5386935724292028,0.5370398221034602
2025-09-18,1,0.5378236871258228,0.5492373658167808
2025-09-19,1,0.5392533536876586,0.5542245406253997
2025-09-22,0,0.546487698573683,0.5563747649458931
2025-09-23,0,0.5489063823548467,0.5590133193269483
2025-09-24,0,0.5491490073521488,0.5581245712738705
2025-09-25,1,0.5476886243993954,0.5620272824745163
2025-09-26,1,0.5503052083795419,0.5671915913940418
2025-09-29,1,0.5535704227531785,0.5676308695974198
2025-09-30,1,0.5461687225496656,0.5603656719437574
2025-10-01,1,0.5465392221798998,0.5539266255761935
2025-10-02,0,0.5520413190158804,0.5757118936559898
2025-10-03,1,0.5488319330494421,0.5550764513297051
2025-10-06,0,0.5507843628388442,0.57655907504287
2025-10-07,1,0.5536682887625164,0.5601652776869461
2025-10-08,0,0.5480526062675386,0.5566385368600606
2025-10-09,0,0.554930058957325,0.5620605838800278
2025-10-10,1,0.5585760656420365,0.5379800095589927
2025-10-13,0,0.5337754932031811,0.5144192170561718
2025-10-14,1,0.5586612109897167,0.5591840389264802
2025-10-15,0,0.556106653605169,0.5695218310546428
2025-10-16,1,0.5491332108293714,0.5610698356100793
2025-10-17,1,0.5381742119339122,0.5440853064672833
2025-10-20,0,0.5440025953798083,0.5536561502617139
2025-10-21,0,0.5543266356389732,0.564144570143358
2025-10-22,1,0.548775547017069,0.5550387491997166
2025-10-23,1,0.5391173833052372,0.5562818904576945
2025-10-24,1,0.5421781729107709,0.5564152386840826
2025-10-27,1,0.5421539626798237,0.5252520821967147
2025-10-28,1,0.5444503513068225,0.5504613816014462
2025-10-29,0,0.5372757802931175,0.5496260086901188
2025-10-30,1,0.5485382492710781,0.5573175440429589
2025-10-31,1,0.5390895331107886,0.5450799727807802
2025-11-03,0,0.5524201549257297,0.5508119206518273
2025-11-04,1,0.5627775112106488,0.5632048144584735
2025-11-05,0,0.5455827014961987,0.5463011510261374
2025-11-06,1,0.5585818621756033,0.5520874935421854
2025-11-07,1,0.5474924825015848,0.5587514933609249
2025-11-10,1,0.5413125012336127,0.539237044410039
2025-11-11,1,0.5578141871318733,0.5695813146953305
2025-11-12,0,0.5497828858349003,0.5556372224911198
2025-11-13,0,0.5470137865393939,0.5441294071718206
2025-11-14,0,0.5386862557954337,0.5433596412054539
2025-11-17,0,0.5583213564094656,0.5599441399006001
2025-11-18,1,0.5571255897620974,0.5600980620657284
2025-11-19,0,0.5499187717151381,0.5531870026430348
2025-11-20,1,0.5586111666103615,0.5350515488910017
2025-11-21,1,0.5414813334794927,0.5541029844578309
2025-11-24,1,0.5442032782772187,0.5471275795525021
2025-11-25,1,0.548438476134676,0.5544132818056325
2025-11-26,1,0.540218287723534,0.5524051293967682
2025-11-28,0,0.5373907710865802,0.5413626793916392
2025-12-01,1,0.5458735794886526,0.553708014016093
2025-12-02,1,0.5423944724072519,0.5486771829063907
2025-12-03,1,0.5463410361509848,0.5501889574684956
2025-12-04,1,0.5515512539515217,0.5615149961275558
2025-12-05,0,0.5465418108247277,0.5542394319631565
2025-12-08,0,0.5521991574074023,0.5592405825804537
2025-12-09,1,0.5505876404541539,0.5565445471434068
2025-12-10,1,0.5423224345229904,0.5509987627866552
2025-12-11,0,0.5480583561019401,0.5605800214774255
2025-12-12,0,0.5533254669414329,0.5608194142139502
2025-12-15,0,0.5448401452520939,0.5591666231862931
2025-12-16,0,0.5475500346512494,0.5613123783310408
2025-12-17,1,0.5610989221053758,0.5710912353042271
2025-12-18,1,0.5440975553620275,0.5510022618918026
2025-12-19,1,0.5452439904775825,0.5592032258717
2025-12-22,1,0.5518512692560792,0.5622931017137318
2025-12-23,1,0.5451906615517756,0.556791961373415
2025-12-24,0,0.5453263357138813,0.5788156086137662
2025-12-26,0,0.5489850491081723,0.5569449441202202
2025-12-29,0,0.5504649481529985,0.5604569316834743
2025-12-30,0,0.5525808815458636,0.5577608962464274
