Date,actual_return,linear_pred,ridge_pred,lasso_pred
2023-01-03,0.0077202862468059,0.0018387317882272523,0.0018406253413009055,0.0020925980884482203
2023-01-04,-0.0114134503165694,-0.002764422070462577,-0.002759467581414316,-0.002201866820107181
2023-01-05,0.0229322839248131,0.0036481537668500465,0.0036428081672033,0.003048206244285215
2023-01-06,-0.0005668858246881,-0.0041988091963631805,-0.004194905469153875,-0.0037947753229802864
2023-01-09,0.0070127007381677,0.0018588984364317756,0.001860148333479152,0.0017440821498558292
2023-01-10,0.0126479194204423,0.0009854966884178897,0.000984878143701317,0.0008989499855185028
2023-01-11,0.0036406621216691,-0.0022866894432401756,-0.0022817933855825397,-0.0019740299891179724
2023-01-12,0.0038795935853763,0.0015331055125297533,0.0015288220584178545,0.0006895714120131387
2023-01-13,-0.0018319069772806,0.000555608959675168,0.0005570633656176214,0.00048309476218363206
2023-01-17,-0.0157879833809181,0.0012085518570220913,0.0012071355596107438,0.0009458787324746916
2023-01-18,-0.007279889863713,0.0021149861678678053,0.0021117697958022343,0.0018334036203497988
2023-01-19,0.0186290338475283,0.00027379780246403315,0.0002727016693232008,0.00031496822002532055
2023-01-20,0.0119986568637606,-0.0028710827626925233,-0.0028703518033928125,-0.0029410667635541583
2023-01-23,-0.0010733205477033,0.0008144787312465797,0.0008163496538739874,0.0007099923334977681
2023-01-24,0.0003747459658585,0.002148453418762571,0.0021526519841300793,0.002689138450972207
2023-01-25,0.010990476615651,-0.0015487538604547382,-0.0015455631649404593,-0.0010250956833222488
2023-01-26,0.0022974796090404,-0.001066022160095176,-0.0010695970524342913,-0.0014641919210731814
2023-01-27,-0.0125465950019585,0.0018402936205500352,0.0018370497671088097,0.0014975045525819032
2023-01-30,0.0147031629427869,0.002808625785196809,0.0028082025240541014,0.0029380285904182274
2023-01-31,0.0106278098663574,-0.003688343256758404,-0.003686384268150748,-0.0033453643259386
2023-02-01,0.014557059239092,-0.0009708261858517769,-0.0009722560802024958,-0.001248240409833859
2023-02-02,-0.0106291240387883,-0.0012340620629965925,-0.001231950893519038,-0.0009842494356821908
2023-02-03,-0.0061112952808187,0.0009918431184569628,0.0009949092809252518,0.0015708105290222164
2023-02-06,0.0130785327185265,0.0013796924551732715,0.0013755814662347625,0.0011873113782318416
2023-02-07,-0.0109344960307729,-0.0029158636817468355,-0.0029170227548987963,-0.003027837677898763
2023-02-08,-0.0086694332645375,0.004655953771985165,0.004650849758721347,0.004045490516724716
2023-02-09,0.002333587533523,0.001503454789015308,0.0015057662561756113,0.0019896642801294382
2023-02-10,0.0117391709720384,-0.0008210210181272233,-0.0008195510839323862,-0.0005927140362914682
2023-02-13,-0.0004602282184607,0.0009472308887022444,0.0009442571417483314,0.0004664384885464005
2023-02-14,0.0032473674937161,0.0013280679476240344,0.0013311514057025675,0.001652162871053864
2023-02-15,-0.0137687237118665,0.0003990468827572138,0.0004010084582994791,0.0008075124848478353
2023-02-16,-0.0024983728525992,0.0022389251966693706,0.0022365915878258345,0.002253668243667882
2023-02-17,-0.0200610233280142,-0.0001335716436522274,-0.0001364100170028942,-0.00018502536603345573
2023-02-21,-0.0013779171778208,0.0029669918291591844,0.0029654719113481392,0.0030840759171642633
2023-02-22,0.0053196285781784,0.00016842753827058296,0.00016762688814096814,0.00041446348637917403
2023-02-23,-0.0106827719302633,-0.0015521864274065894,-0.001548164314819638,-0.000982057422880613
2023-02-24,0.0034059424435985,0.0023400872712830683,0.002340647097205317,0.0025991081180746912
2023-02-27,-0.0036959436741329,-0.001365723282399112,-0.0013599819015703662,-0.000436261690281844
2023-02-28,-0.0038360264799957,4.834123862619674e-05,4.848854747684377e-05,0.0002618467918815325
2023-03-01,0.0077773559932681,0.0008127034667319697,0.0008116356285250848,0.0008915461403844158
2023-03-02,0.0160377546196825,-0.00175865590530343,-0.001754841335501579,-0.0012541296845661812
2023-03-03,0.0006928994585118,-0.0016243175965773267,-0.0016228622743898328,-0.0016411720498690978
2023-03-06,-0.0153288697580279,0.0018259518781650894,0.0018274978368665398,0.001939428957980638
2023-03-07,0.0016322228747125,0.0007684782468984101,0.0007702969268284388,0.001228681434738221
2023-03-08,-0.0184499533404762,-0.0012533345262731796,-0.0012541234645877936,-0.0012243693164578277
2023-03-09,-0.0144295338392,0.0026981449424667244,0.0026937127731486727,0.0022535567931075353
2023-03-10,-0.0014249772628047,0.0002774038531002256,0.000277683711942499,0.0005593334927776583
2023-03-13,0.016529968757327,-0.001974269454092015,-0.0019700509376255016,-0.0014357519664207159
2023-03-14,-0.0062543909670185,-0.0018205134712140172,-0.0018186799842213055,-0.00183528361296621
2023-03-15,0.0175451167876197,0.001545068064805468,0.001550688476736976,0.002076095681396005
2023-03-16,-0.0116926825455785,-0.0038507776156043536,-0.00384343132886942,-0.0030413366193443488
2023-03-17,0.0096157703002766,0.0015213056922459708,0.0015220968727716717,0.0015808814436269192
2023-03-20,0.0131305012226419,-0.0005524971214571922,-0.000554732562254681,-0.0007672407742379208
2023-03-21,-0.0170465033757771,-0.0018035055563337195,-0.0018008666214745178,-0.0017112574725785651
2023-03-22,0.0027034103432284,0.005294650120761098,0.005289424268949951,0.004747488940559234
2023-03-23,0.0065619912677683,-0.0021443819168244366,-0.0021398112814194313,-0.0014447117121806886
2023-03-24,0.0018697594033481,-0.0006036368233961634,-0.0006056408806505973,-0.0009721309110077083
2023-03-27,-0.0022445277907262,0.003171555864117338,0.0031680056182607783,0.0026253539805226596
2023-03-28,0.0145346465805182,0.0012649257008793312,0.0012689736716953678,0.0017579883314844053
2023-03-29,0.0058555749484441,-0.0014208943105054675,-0.0014206459322083354,-0.0015062387560791173
2023-03-30,0.0140945570248325,0.0015984995641159278,0.0015969117504302432,0.0011603859719878308
2023-03-31,0.0038104823991189,-0.0008920493578288056,-0.0008902146048714256,-0.0009327813044032446
2023-04-03,-0.0055481866170103,0.0007150567573936787,0.0007167397453901774,0.0006747837242302598
2023-04-04,-0.002618215099756,0.002489878732729583,0.0024864977210038467,0.0021027727536264964
2023-04-05,0.0039008530580915,0.0007007616665000417,0.0006997918492607482,0.000608441831794388
2023-04-06,0.0010262811264352,0.0007929304429477463,0.0007896784213913544,0.00040279696636173106
2023-04-10,0.0002686491071628,0.0018757165349236509,0.001874362886784839,0.0017551699749598312
2023-04-11,-0.004075913303266,0.0012805446595273535,0.0012815090576772607,0.0015166321217763984
2023-04-12,0.0132826208187635,0.0009808839025416505,0.0009813701958808728,0.0011455730805727976
2023-04-13,-0.0024426383693311,-0.0016706035295828265,-0.0016704443741361755,-0.0015997604707229801
2023-04-14,0.0035880966491261,0.0019726928214608324,0.0019723008291184724,0.001879789747594258
2023-04-17,0.0006524228938526,0.0004920078863967003,0.0004922758525161565,0.0006881058114612087
2023-04-18,-0.0001690250211531,0.00012478007053069924,0.00012574385325516535,0.00030868570017643496
2023-04-19,-0.0054571606135831,0.0018893709026314215,0.0018859189239054783,0.0015355350937908663
2023-04-20,0.0007770349055102,0.0009446262315731114,0.0009447548562881225,0.001140794884618118
2023-04-21,0.0010430840856283,6.143172367568153e-05,6.04062242312811e-05,0.00010674611630526117
2023-04-24,-0.0158737558331577,0.0007933803637958491,0.0007926766313015401,0.0007818414644127455
2023-04-25,-0.0042356873690343,0.001998663755926849,0.0019982426145036293,0.0022458412063723035
2023-04-26,0.0199081527506013,-0.0008498192916022582,-0.0008479542558382837,-0.00015321503957855685
2023-04-27,0.0085350878464369,-0.003623173942367437,-0.0036218399754281714,-0.003575989182052717
2023-04-28,-0.0010096506179255,0.0012451172898329805,0.0012447238685185087,0.0008812302291276883
2023-05-01,-0.0112392772110437,0.0016117003768002808,0.0016154626229151858,0.0020075999996461724
2023-05-02,-0.0068639766519235,-0.0009705232744726724,-0.0009682256144471868,-0.00047258862635417623
2023-05-03,-0.0070829278023715,-0.00017777809096905734,-0.000181739037949056,-0.00033109617769065897
2023-05-04,0.0185124479333231,0.0003197889870376107,0.00031854326329379943,0.00046769519792875234
2023-05-05,0.0002665287508161,-0.002371127137016327,-0.0023692050536199627,-0.002260897746321954
2023-05-08,-0.0043852672215159,0.003010167593522773,0.003011988770569295,0.0030600277894633093
2023-05-09,0.0046724459773821,0.002369404764609702,0.0023709112741957276,0.0027326706365364676
2023-05-10,-0.0017441050489249,-0.002770203225208039,-0.002767131210868836,-0.0023212261820808456
2023-05-11,-0.0013101134711634,0.001897759771760911,0.0018930283611414205,0.0013069251862072844
2023-05-12,0.0034500674919164,0.0010885467516132822,0.0010887885441799327,0.001175635943083448
2023-05-15,-0.0066827221977416,0.00034309119452433307,0.0003442451610761445,0.00042459395750597063
2023-05-16,0.0121387808270689,0.002599598613206728,0.0025981022784281613,0.002475116947159365
2023-05-17,0.0096331962606288,-0.001876626333356475,-0.0018748896217453033,-0.0018227788502634093
2023-05-18,-0.0014549268088541,-0.0007340574426389414,-0.000733218463822551,-0.000994504032049569
2023-05-19,0.0004060348043068,0.0013076210121901735,0.0013071641103990302,0.001099762284372884
2023-05-22,-0.0112227688063162,0.00020666398211953882,0.00020825986293861187,0.0003453117713098353
2023-05-23,-0.0072446909454493,0.0017809734473712476,0.0017772255031950456,0.0014687022849587718
2023-05-24,0.0086597902104392,0.0008659400598004326,0.0008634862285586281,0.0008573303136639282
2023-05-25,0.0129505858032381,-0.0016137467445365259,-0.0016124029709831688,-0.0015326962595236127
2023-05-26,0.0003808365990709,-0.000254750411851561,-0.00025399759310979777,-0.0005468205285985571
2023-05-30,-0.0055450371198919,0.001937879708651643,0.001940607203540826,0.00204515583645014
2023-05-31,0.0095009633514051,-0.0005098305945828855,-0.0005071877471110125,-0.00011155482137517375
2023-06-01,0.0144612905822596,-0.0020049676896970303,-0.0020065002248980876,-0.0022401370260333423
2023-06-02,-0.0019162838581746,-0.0007183608449235608,-0.0007214024021599031,-0.0013624627562676558
2023-06-05,0.002177238548058,0.002788717315370833,0.002788128261608221,0.0025597840332021032
2023-06-06,-0.0034574283566916,-0.00010859499052179777,-0.00010679803154324812,0.00012015372725157939
2023-06-07,0.0060483283371,0.0004573323634423718,0.0004548707487797215,0.00017613543140588905
2023-06-08,0.0017944840139776,0.0008241406548261782,0.0008206430057668705,0.000363797713165372
2023-06-09,0.009071722967656,0.0003508293567814726,0.0003516515941734966,0.0003647109000861522
2023-06-12,0.0065928866130804,-0.00020983011443110428,-0.0002094927468545599,-0.00021493123334273198
2023-06-13,0.001190862101154,-0.0010090161952536346,-0.0010067385027427355,-0.000808172809574325
2023-06-14,0.0123977980383129,2.7568651900986376e-05,2.705187205549655e-05,3.2808556619772574e-05
2023-06-15,-0.0034062532191559,-0.003049892211271101,-0.003047583859793173,-0.0027640622877834605
2023-06-16,-0.0051882927584543,0.0004783470121161522,0.0004775145453120135,0.00037019963024474044
2023-06-20,-0.0051235477780557,0.001516560577057454,0.0015153419721776202,0.0015433851180386591
2023-06-21,0.0036095637818025,0.0006079652590258436,0.0006076100221449247,0.0006986723984613166
2023-06-22,-0.007559853466201,0.0009027274596262758,0.0008995050176333075,0.0006247479794128017
2023-06-23,-0.004085814311852,0.001922859711674533,0.0019227539977421464,0.002061072064755327
2023-06-26,0.010963307794132,0.0013135524013265201,0.0013139813518166172,0.0016057679809584236
2023-06-27,0.0005043830487496,-0.001396728238348075,-0.001394956828845298,-0.0011589905028792959
2023-06-28,0.0039412780350402,0.002077753007468847,0.0020762736392062196,0.0018993789199866925
2023-06-29,0.0118006255432723,0.00048206832023773725,0.0004837521566669706,0.0008224593739726873
2023-06-30,0.0011507282502678,-0.0028370218414976215,-0.0028347210933116207,-0.0026060625795561085
2023-07-03,-0.0014871679568303,0.0030408810509883685,0.003036922623351106,0.002501167898709281
2023-07-05,-0.0078306442590847,0.0012401087292998733,0.0012395776223678749,0.0012629673268916251
2023-07-06,-0.0025248799089763,0.0009082060345789186,0.0009067277323334319,0.0008793426314143232
2023-07-07,0.0025312710644311,0.0004887473387909066,0.0004855665190919808,0.00027307911853184674
2023-07-10,0.0063683258268036,0.0008049868000770332,0.0008040617074367002,0.000710573352383319
2023-07-11,0.008045970675109,0.0008723111148470194,0.0008721255014389299,0.0007532908990386638
2023-07-12,0.0079370772357243,-0.0005378111604200324,-0.0005355374357659648,-0.0004617711884136235
2023-07-13,-0.0006228860452528,6.921169747129883e-06,7.675827106778856e-06,-0.00010967845252936195
2023-07-14,0.0034722158570845,0.0011523062876234065,0.0011514151792418386,0.0009591860156733256
2023-07-17,0.0074305059670503,0.0005087649207154689,0.0005073663846331399,0.00025575936986563675
2023-07-18,0.0022237158274738,-0.000903799096377728,-0.0009046476313254897,-0.0011634054404618737
2023-07-19,-0.006634355475664,0.0012586533747726502,0.0012570542678530723,0.000973781198999969
2023-07-20,0.0,0.0014622849302268212,0.0014623949239869498,0.0015561985580432374
2023-07-21,0.0044672708260082,-0.0002717899954917713,-0.00027215438306798243,-0.00022959564265045138
2023-07-24,0.0027299964849831,0.0006502459332533682,0.0006481808064510153,0.0004004680262703732
2023-07-25,0.0001537110721492,0.0015085305913487145,0.001507543717686872,0.0014009165523139618
2023-07-26,-0.0066300487196166,0.00031950687820694065,0.0003214737018009569,0.0005979283505051169
2023-07-27,0.0097906156290439,0.00025705472765180843,0.00025730863734383595,0.0004305600610069632
2023-07-28,0.0019038640842647,-0.0018293247719119304,-0.001829370689184104,-0.0018105797020905039
2023-07-31,-0.0028615790782207,0.0012506101881500273,0.0012498474710350206,0.0010449874454364501
2023-08-01,-0.0139108019898884,0.002228731047020748,0.0022283622731840043,0.002243687294330433
2023-08-02,-0.0028659404876637,0.0003241734441108878,0.0003260235461577934,0.0007728977716174795
2023-08-03,-0.0045227453496192,0.00040418142867509204,0.0004014328341779795,0.00035142363791293657
2023-08-04,0.0087284917760035,-0.0002890258949166826,-0.0002890735410188308,-7.952339746078246e-05
2023-08-07,-0.0043486563365989,0.00010927557267860434,0.00011020714921722074,0.0003499814780808712
2023-08-08,-0.0066852415665231,0.0010354359894756255,0.0010391185951732305,0.0016790546570052216
2023-08-09,0.0003589468041689,0.00031834253245902327,0.00032041462528007597,0.0010162883874702492
2023-08-10,-0.0005830171032084,-0.002338957001915113,-0.002335647997103678,-0.0016196053789640326
2023-08-11,0.0055200362623997,0.0007501145652369956,0.0007487872092135733,0.0008307153627245536
2023-08-14,-0.0116489726659251,0.0005398027466871142,0.0005415465668444432,0.0008900948659051574
2023-08-15,-0.0073380153985602,0.00159121692523328,0.0015935920050637827,0.002146761771596973
2023-08-16,-0.0076200166858313,-5.465030202315079e-05,-5.3353732875995475e-05,0.00048672250852777586
2023-08-17,0.0004813010651789,-0.0005929050176100185,-0.0005918540964019682,-0.00018483930882479398
2023-08-18,0.0065063038685928,-0.0004125734083300547,-0.0004127442000979156,-0.00026084695826937034
2023-08-21,-0.002708703093032,-0.000380225671235713,-0.00037635764395953133,0.00010143693826523086
2023-08-22,0.0111379574603449,0.0016915347658229963,0.001693709144682109,0.002018434561547511
2023-08-23,-0.0138590710702196,-0.0017344185108350064,-0.0017305528158750151,-0.001235071164292932
2023-08-24,0.0070496526725187,0.0019970862920274347,0.0019970813734409305,0.0021210087449320056
2023-08-25,0.0063413763847393,-0.0024723690366854068,-0.0024711396275449203,-0.002189608863798003
2023-08-28,0.0144547604324802,-0.00041219693935042826,-0.00041045333586118616,-0.00036313734949829676
2023-08-29,0.0041188001838163,-0.00019397502680054354,-0.00019478273651459834,-0.0005637965234915292
2023-08-30,-0.0014632203039603,0.00025086666936592747,0.0002550781282203383,0.0005373993198729693
2023-08-31,0.0018650284896026,0.001253873522109314,0.0012524029919038125,0.001038794114295991
2023-09-01,-0.0043219145690484,0.00015155322685233614,0.00015016134929155358,-6.800948351894228e-05
2023-09-05,-0.0067224434079588,0.0024982575046696392,0.002494179300053536,0.0019039027199532097
2023-09-06,-0.003070231483059,0.0017829472646123195,0.0017819049236977868,0.001660844712544738
2023-09-07,0.0015061262974236,0.0006361107222965268,0.0006365915098505296,0.0007163219061213278
2023-09-08,0.0065767890730552,0.0010431303339811372,0.001042703710906995,0.0009314579849836038
2023-09-11,-0.0054857112342119,0.000594524492274898,0.000595953315819537,0.0006156565289400297
2023-09-12,0.0011658960317628,0.0020684713507201262,0.0020701127899092793,0.0022047613116284704
2023-09-13,0.0086225494769154,0.0002989678589161276,0.000300045177895394,0.0004989257859308164
2023-09-14,-0.0120484571706382,-0.0015835828172228177,-0.0015829774415432962,-0.0015954648617893179
2023-09-15,0.0005865031653229,0.0017693864580038804,0.0017679236006385571,0.0017262986165424818
2023-09-18,-0.002073899912325,-0.00010089242229737735,-9.944182370566533e-05,0.00032260518109026855
2023-09-19,-0.0091932642526576,0.00037551361753588154,0.0003750813630025388,0.00043061615227556714
2023-09-20,-0.0165283606245342,0.002014386381477322,0.002012486053496543,0.0021078832424710754
2023-09-21,-0.0022486478734212,0.0003585521760507518,0.0003622167671658925,0.0012456539132467345
2023-09-22,0.0042053567604576,-0.0015025313379029796,-0.0015017063673235722,-0.0009859082043967124
2023-09-25,-0.0146913977582929,1.9665028553946245e-05,2.0450852113304378e-05,0.00026527807708320004
2023-09-26,0.0003992772836574,0.002701566711740097,0.0027032299249994517,0.0031426440162099947
2023-09-27,0.0057973230722907,-0.002286170136154425,-0.0022805338134035784,-0.0013711303457222602
2023-09-28,-0.0024267961311514,-0.0015458695395645463,-0.0015441212485956329,-0.0013489714270451137
2023-09-29,-0.000397635101233,0.0008909423036797427,0.000890939082540687,0.0009177272111166956
2023-10-02,-0.0133862424247528,-0.0005407058886378181,-0.0005359734172717442,0.00012132609642978717
2023-10-03,0.0072820618794442,0.0012096649616107928,0.001209418674473275,0.001322679992280442
2023-10-04,-0.0003767125349609,-0.0014620217365192744,-0.001462304260750053,-0.0014014227261320055
2023-10-05,0.0118726270454376,0.0013286650174349217,0.0013289237854135967,0.001290791412211023
2023-10-06,0.0064021982644399,-0.0016353597139610637,-0.0016328033495964947,-0.0013720686680993989
2023-10-09,0.0052049128196636,-0.0006473104355724507,-0.0006424077021200286,-0.00019809677582385214
2023-10-10,0.0040962567303299,0.00043048051906336684,0.00043011951128906444,0.0003483739488980179
2023-10-11,-0.0060964577113002,0.0001598498827408884,0.00016102487341424475,0.00022726557809482682
2023-10-12,-0.0049809482188105,0.0018214222665713722,0.001819211630319036,0.0014869451448462525
2023-10-13,0.0105214969102229,0.00037102971040934966,0.00037054785679401544,0.00033555301770029483
2023-10-16,-4.596870392725716e-05,-0.000803314768200734,-0.000803362768102709,-0.0010390516932971732
2023-10-17,-0.0133250214234866,0.0026088490955346755,0.0026077898054856045,0.002165421474291139
2023-10-18,-0.008786305077294,0.0025168943942285157,0.0025186250367589093,0.0027722766351442013
2023-10-19,-0.0122880515958559,-0.0013139083332895044,-0.001311320183755166,-0.0007581513045979792
2023-10-20,-0.0017330796529404,0.0007510651474545901,0.0007489994865177228,0.000749096036437417
2023-10-23,0.0075392408537606,0.0007396429669187874,0.0007401174163119003,0.0009578441124976012
2023-10-24,-0.0143521175434954,-0.00027952556463683233,-0.00027575260719395244,0.00021205283667586163
2023-10-25,-0.0119745382213949,0.0032784590414826143,0.0032799708203242834,0.0036843729652918113
2023-10-26,-0.0045328906770949,-3.783180499524581e-05,-3.4384202079799876e-05,0.0007663287377226042
2023-10-27,0.011955796396436,-0.0008718338338237708,-0.0008715100212324993,-0.0006194796864923488
2023-10-30,0.0062802433956046,-0.00032556459773129033,-0.0003269548100740934,-0.0004980275076616813
2023-10-31,0.0106646933225125,0.0008326907368575101,0.0008362333770175127,0.0012534584983054107
2023-11-01,0.0191644159598884,-0.0014683868161503816,-0.0014636884702752472,-0.0008385913050698424
2023-11-02,0.0091235269000196,-0.0031850027992608556,-0.0031815680036506085,-0.002809323553681529
2023-11-03,0.0023003444707387,-0.00037354951320690843,-0.00037472148510268367,-0.0006013026702665858
2023-11-06,0.0028461182732979,0.0008575989031921824,0.0008570895892359128,0.0008153407550131503
2023-11-07,0.0007323393832787,0.00010153003263437818,9.997520903348614e-05,-0.00010018645969803229
2023-11-08,-0.0077987565766296,0.001656803788413028,0.0016526934353161694,0.0010656062719320535
2023-11-09,0.0156046423285245,0.002280170508133612,0.002278223593718067,0.002010315619586142
2023-11-10,-0.0009531095054332,-0.002404040655241281,-0.002401934632486174,-0.0022729145865734842
2023-11-13,0.0194007006559524,0.0030906638181052827,0.0030902329350604206,0.002778682925526561
2023-11-14,0.002117156551195,-0.0023396956473053284,-0.0023356212592616377,-0.002004747302837042
2023-11-15,0.0012230920108589,0.0003509796682075886,0.00035495241685995526,0.0007017792253342539
2023-11-16,0.0012437526668118,0.0014393692487467287,0.001437324096122229,0.0013379452301120777
2023-11-17,0.0076976262069685,-0.0011484945121548458,-0.0011463168191280404,-0.0007224786257767948
2023-11-20,-0.0021794243551297,0.00014966587570247765,0.0001466219139223011,-7.762560660765202e-05
2023-11-21,0.0038608339289862,0.0023242665121795472,0.002324282451108931,0.0024387175331012007
2023-11-22,0.0006154686302466,0.0001500468113264415,0.00015096261772840167,0.0005286068550182453
2023-11-24,-0.0018009687252493,0.001420112359909042,0.0014193744113469278,0.0016148186949903878
2023-11-27,0.0009900730848266,0.0017457547949546693,0.0017431850433310765,0.001789306181983565
2023-11-28,-0.000703571464751,6.0229650236852394e-05,6.066470638826357e-05,0.0004041052291161244
2023-11-29,0.0039374277619799,0.0009213747165111577,0.0009198093617405582,0.0009772137038146704
2023-11-30,0.0059161411543973,-0.00045378236901118046,-0.00045361704803393134,-0.00024526488799391226
2023-12-01,-0.0052495519031559,-0.0011247376634848055,-0.001123178858940032,-0.0008676539543335189
2023-12-04,-0.000196987297015,0.0014929452809494237,0.001492569498088577,0.0015745483050536111
2023-12-05,-0.0040297024117654,-0.00025805083064398514,-0.0002575621829742778,-1.0000813763394478e-05
2023-12-06,0.0076304255810346,0.0007780895982642487,0.0007766431437522995,0.0007413547882778593
2023-12-07,0.0042990403898177,-0.00031408864864360825,-0.0003152564615456306,-0.00038148374537249783
2023-12-08,0.0038895309022428,-0.00036053230983037327,-0.00035928658624865845,-0.00020751057030080273
2023-12-11,0.0045672124637585,0.0006091336023330837,0.000608955253203546,0.0005840015985622127
2023-12-12,0.013790132375123,-0.0003717034499470597,-0.00037128621378454386,-0.000383805717280143
2023-12-13,0.0032092982970846,-0.0022676952088027287,-0.0022683229140074675,-0.0025706564814149133
2023-12-14,-0.0016463951876762,-0.0008849574125678116,-0.0008847279433024044,-0.001027509967085183
2023-12-15,0.0056251547359655,-0.00109412268990525,-0.001093515760569644,-0.0009944393914323646
2023-12-18,0.0060808124784514,-0.001168856990414387,-0.0011692110642742436,-0.0012145811289838407
2023-12-19,-0.0138571964193933,0.0006116635815019076,0.0006087882993395752,0.00016731012652028377
2023-12-20,0.0094818109864209,0.0025050532590675,0.0025040867529872194,0.002479178390921918
2023-12-21,0.0020096634370745,-0.002555641991414283,-0.0025534247051434604,-0.002211463925612058
2023-12-22,0.0042226014113304,0.0009757186284146763,0.0009743337125626906,0.0007011461044625935
2023-12-26,0.0018080348792433,0.001766084160087885,0.0017649263193929233,0.0016544456597144507
2023-12-27,0.0003777122460775,-0.00034404760056061144,-0.0003399804223991154,0.00018628180310558393
2023-12-28,-0.0028949203595175,0.0006967649684843444,0.0006947568968691522,0.0005564493030548012
2023-12-29,-0.0055963173440661,-0.00047259080525194883,-0.0004721486029068114,-0.0003085021340951136
2024-01-02,-0.0081667466063014,9.692399587461677e-05,9.644779832478979e-05,0.00017314126204714183
2024-01-03,-0.0032210753057375,0.0009320790805124096,0.0009312151873570538,0.0010294050986178781
2024-01-04,0.0013697359206465,0.0006900461584584046,0.0006894037901227058,0.0008128629986940004
2024-01-05,0.0142758492987815,0.00028305043977206617,0.00028342774728025335,0.0004921188494017161
2024-01-08,-0.001517128019625,-0.000915452962807064,-0.0009136054576068175,-0.0007244665664583951
2024-01-09,0.0056554652890152,0.0020506632630331112,0.002051892539921692,0.0022170946831836275
2024-01-10,-0.0004405411016338,-0.0001847860084309411,-0.00018403846639953995,-1.1607628480863014e-05
2024-01-11,0.0006926499838006,0.00032275762235858287,0.0003216737196311238,0.00019409660563676144
2024-01-12,-0.0036711749975992,0.0017306826226024343,0.0017264185384112398,0.001207293718677312
2024-01-16,-0.00555869468975,0.0006358723135759036,0.0006361740122106035,0.000704349622338625
2024-01-17,0.0088928103330867,0.001481158160870907,0.0014796798560253338,0.0014898096550665027
2024-01-18,0.0124661487997979,-0.0014949330074507856,-0.001493975363428762,-0.0014717362392505855
2024-01-19,0.0021142565234921,-0.0010018819343843204,-0.0010013295979588994,-0.0013351707836471278
2024-01-22,0.0029166087638985,0.0017189886649808116,0.0017192652963275428,0.0015540997359552687
2024-01-23,0.0010930682304626,0.0005399378026237689,0.0005409806942811591,0.000571370753853613
2024-01-24,0.0054389067003464,0.00010083611167313708,9.869719305548584e-05,-0.0002559017165976112
2024-01-25,-0.0012702697862604,0.0005010434852706043,0.0004982396744481715,1.6616763200686898e-05
2024-01-26,0.0079192427898919,0.0012631901122350472,0.0012627548063447664,0.0010887319474347959
2024-01-29,-0.0007734921111419,4.557761293825591e-07,5.07571784402229e-07,-0.00010507444147901505
2024-01-30,-0.0163173256355044,0.0015828656173112886,0.0015825162947124712,0.0014441353868307886
2024-01-31,0.013088245442933,0.0015519575421061552,0.0015509595835093129,0.0016030196042881662
2024-02-01,0.0105272959921896,-0.0035681389750788503,-0.003566113294986576,-0.0032525057821433155
2024-02-02,-0.003641132568705,-0.0005343662745141193,-0.0005356390599677899,-0.0008865433302715115
2024-02-05,0.0029033178002926,0.002935271422481769,0.002935045449039067,0.002942382250216441
2024-02-06,0.0083404321399169,-0.0008816092864494956,-0.0008770600454693182,-0.0002495892671544518
2024-02-07,0.0004415611268671,-0.0006007055371748184,-0.0006035145687483241,-0.0009808712344013637
2024-02-08,0.005779462489611,0.0024170061280729743,0.002413959745973677,0.0020135337330995607
2024-02-09,-0.0004388927608161,-0.00028115145482709633,-0.0002795202865357371,-6.031042677297476e-05
2024-02-12,-0.0137729886063689,0.0011176724853849819,0.0011167221499258785,0.0010284658730914107
2024-02-13,0.0090875390273146,0.0017554612609090533,0.0017530794459457851,0.0016824048261606362
2024-02-14,0.0068997937099017,-0.0017720802998373066,-0.0017719025104765676,-0.0016168353786255182
2024-02-15,-0.0049800362058063,0.0009128396164845932,0.0009107495230448574,0.000519644695283642
2024-02-16,-0.0055053187388344,0.0026688838016792806,0.002668546683351928,0.0026464701490760334
2024-02-20,0.0009056928278001,3.831659921646241e-05,4.164933312664188e-05,0.0006086730388295016
2024-02-21,0.0206954910108922,0.00040033548839005066,0.00039766852745425985,0.00016260286431053262
2024-02-22,0.0006897199819881,-0.0018171124812767217,-0.0018178439216764658,-0.002144274269171019
2024-02-23,-0.0036625172705789,0.002565862629104402,0.002566496311255286,0.0024300374630307655
2024-02-26,0.0018578725625675,0.0016213061492584883,0.001622300500733066,0.0018525124231315794
2024-02-27,-0.0013217026968949,-0.0005418448820309493,-0.000542175491232547,-0.0005532716463556726
2024-02-28,0.0035949057285806,0.002106503025125349,0.0021006094026419075,0.0013766513155351258
2024-02-29,0.0093882688282509,-0.0002289895234370824,-0.00022912461409423795,-0.0002267438850911146
2024-03-01,-0.0010724602446435,-0.0010130208339549306,-0.0010116880118024088,-0.000998907825380071
2024-03-04,-0.0099940695152958,0.0023146448468712583,0.0023133934440240827,0.0020676288114515285
2024-03-05,0.0050671912522999,0.0014219965482071282,0.0014219324686471605,0.0015697406591658964
2024-03-06,0.0099263905257274,-0.0013580026043908374,-0.0013585356756114482,-0.0013743619115365812
2024-03-07,-0.0060022095469012,0.0003171635015791044,0.0003147914665943502,-0.00019291151982476205
2024-03-08,-0.0008598013825016,0.0020414000399511644,0.0020416578100321938,0.0020174494500864865
2024-03-11,0.0107574730892541,-0.00012126120245588228,-0.000118440765961303,0.0002903627240161394
2024-03-12,-0.0015676510887688,-0.0017105132636942924,-0.0017108913175824315,-0.0018868929503873702
2024-03-13,-0.0019768221201301,0.0029406459355101073,0.002936979079015729,0.0024437587826675717
2024-03-14,-0.0068664637006802,-0.0012574359123377963,-0.0012545878133401994,-0.0008444914573478966
2024-03-15,0.0059430937614974,-0.0007523082727539525,-0.0007513820789251536,-0.0005372483181474481
2024-03-18,0.0055571501842188,-0.0009693511833472462,-0.0009713491278142707,-0.0011848354579339433
2024-03-19,0.0092492205969043,0.000704176713457372,0.0007038631298419687,0.0005508641856039049
2024-03-20,0.0033048525344137,0.00026494705032794285,0.0002649499907056592,8.446783160094768e-05
2024-03-21,-0.0018959932670662,0.0005630994543602392,0.0005645218894608202,0.000546760873435199
2024-03-22,-0.0027627136540651,0.0006274888480606631,0.0006260711412063676,0.0004223609399779442
2024-03-25,-0.0018469718880519,0.0012850762172831503,0.0012828588841377509,0.0010556155272834662
2024-03-26,0.0084038045134255,0.0010431364223401842,0.0010403499594146236,0.000725566232132806
2024-03-27,-0.0001910989007499,-0.0008146570730319201,-0.0008150568371523656,-0.0009834402486206344
2024-03-28,-0.0017396918837007,0.0005367787847364132,0.0005374096323339212,0.0004873730502706142
2024-04-01,-0.0063581354495146,0.0012535630898958816,0.0012541031003292574,0.0013164691351365172
2024-04-02,0.0010984144691581,0.0007253311069688681,0.0007256160005906318,0.0008451971772065157
2024-04-03,-0.012206091188928,0.0007445710548649934,0.000742051929064378,0.0005414855738628752
2024-04-04,0.0104469189520961,0.001512977745208183,0.001512997716040731,0.0017352667467240568
2024-04-05,0.0005594350805937,-0.0015184319117248252,-0.0015168323200923895,-0.0012776419018981611
2024-04-08,0.0011566713940918,0.0016761794027650503,0.00167697099758569,0.0017143909141205762
2024-04-09,-0.0100131652915479,0.0012718648335169947,0.0012717506212217241,0.0013596143658247562
2024-04-10,0.0075469243605557,0.00025195112162925955,0.0002557187002927648,0.000971640471735138
2024-04-11,-0.013803149534362,-0.0010341216938622427,-0.0010357177776073954,-0.0010946751878903468
2024-04-12,-0.012527984189282,0.001767644665169109,0.001767989171208737,0.002092177410696081
2024-04-15,-0.0018239117772687,0.0006662754240556469,0.0006672166306517693,0.0013843673202255545
2024-04-16,-0.0059181758949868,-0.0014100677588685983,-0.0014067259628604003,-0.0006415400516500946
2024-04-17,-0.0020578310250617,0.0019638856378577977,0.001961896379220125,0.0019550325453748752
2024-04-18,-0.0087282102962049,0.0004490407906149112,0.00045294690854478245,0.0011114040273953849
2024-04-19,0.0092091336741859,-2.508764576750319e-05,-2.145320048577582e-05,0.00058357943909612
2024-04-22,0.0118666368385789,-0.0011211870188632574,-0.0011196780393924837,-0.0008503310096956424
2024-04-23,-0.0004746523673456,-0.0005244236230512217,-0.0005219532852029482,-0.0003300940929577913
2024-04-24,-0.0037988981322694,0.0023844106961612085,0.0023850417999697142,0.0024924894981264547
2024-04-25,0.0094737669664717,2.9636699200083993e-05,3.2775617723102566e-05,0.0005480460110498332
2024-04-26,0.0035416125445661,-0.0015277504209288374,-0.0015284838433907478,-0.0016226322097209144
2024-04-29,-0.0158412261936128,0.0020017769381954014,0.001999048760503796,0.0015413989046556978
2024-04-30,-0.0032472125854742,0.003007092231029876,0.0030072036332275762,0.0031570298821761477
2024-05-01,0.0093533876144047,-0.001236368080064147,-0.0012341099925431036,-0.0007839340128991942
2024-05-02,0.0123953333127717,-0.0006511274967014068,-0.0006527135902861887,-0.0009203110924124368
2024-05-03,0.0103268574732333,0.0004012076233141209,0.000401889498645987,0.00020053428378360983
2024-05-06,0.0011034234216742,0.0006564638746795615,0.0006614460544041463,0.0009727279882243594
2024-05-07,9.6724183415553e-05,0.0011808352864302865,0.0011821946032364535,0.0011571429082979524
2024-05-08,0.0057618041024176,0.0012600582791866756,0.001257778704907165,0.000912280095908033
2024-05-09,0.0012880481984767,0.0005449154159798572,0.0005423436402412837,1.2266680589257512e-05
2024-05-10,0.0001345481741734,0.0017118972715802257,0.0017095269371625642,0.0012444114273425274
2024-05-13,0.0045879808931197,0.0017897146436754588,0.001789285203950907,0.001697765561994922
2024-05-14,0.012382947312628,-0.0003120053588865,-0.00031117483786980186,-0.00025756592151170014
2024-05-15,-0.0020574030719894,-0.0009296846561046983,-0.0009296316873784924,-0.0010121682402455434
2024-05-16,0.0014375433930624,0.0020196928696396333,0.002019467364312629,0.001997174543951756
2024-05-17,0.0011521723456615,-0.0003498277963795266,-0.00034905444136117223,-7.371035966670207e-05
2024-05-20,0.0024524663907805,0.0006752061893584469,0.0006738539160605276,0.0005981026729762464
2024-05-21,-0.002879396361313,0.0017636309034382088,0.0017605354169643597,0.0014283064106855776
2024-05-22,-0.0073041620355116,0.0012194450176072355,0.0012200187455850796,0.001361476070112755
2024-05-23,0.0066162752242737,0.0012311029161257907,0.0012304760740416807,0.001336805464736432
2024-05-24,0.0006989884084422,-0.0005321642805934182,-0.0005319839186624404,-0.00044216008210412724
2024-05-28,-0.0070025114772189,0.0018890312753260955,0.0018879804110671834,0.001740917439116657
2024-05-29,-0.0066336971513156,0.0021947705204273943,0.0021946372614860907,0.0024016072519684596
2024-05-30,0.0091079732246841,0.00038844215474970135,0.00038944537249223365,0.0008383777272877999
2024-05-31,0.0008154782308555,-0.003209137918011066,-0.003209173201571246,-0.003101191999299761
2024-06-03,0.001118008571874,0.001523856413615742,0.0015231657123018813,0.001435938309474628
2024-06-04,0.0118850598410888,0.0011694669567465042,0.0011710301408896782,0.0014432703768747397
2024-06-05,-1.875747881197043e-05,-0.0019144006392417152,-0.0019122960594749503,-0.0017817249065383654
2024-06-06,-0.0012157418997532,0.0024913426659900024,0.002487642254336772,0.001932455525376092
2024-06-07,0.0030896538383391,0.0009347924170509037,0.0009341874803237482,0.0008835295646214931
2024-06-10,0.0024083392358962,-6.590255255291082e-05,-6.683033351854452e-05,-0.0002450826220302811
2024-06-11,0.0082131103449047,0.0015254765384943103,0.0015213882197084836,0.0008966148860107676
2024-06-12,0.0020136256376885,-0.0008834060740739667,-0.0008831086995373101,-0.0010807111194749345
2024-06-13,0.0006083855988368,0.0008248445279577662,0.0008249706726761722,0.0006160112528275209
2024-06-14,0.0079589427155677,0.0009030655330195411,0.000902227123823861,0.0007139890906924832
2024-06-17,0.0025404907177681,-0.0014945527140485934,-0.0014940179019849737,-0.0015799324140927501
2024-06-18,-0.0027163301738238,0.001081340312249089,0.0010795287202065343,0.0007155756314515595
2024-06-20,-0.0013407222023597,6.810264922493174e-05,6.879505292641235e-05,0.00012914741210438884
2024-06-21,-0.0032506247891551,-0.0006974087047325319,-0.0006965339791356405,-0.0005605630131841356
2024-06-24,0.0038507537634642,0.001117718605443567,0.0011155492566126892,0.000917977692949936
2024-06-25,0.0012481564062454,0.0004318642981772494,0.00043152330619545843,0.0003875209622263707
2024-06-26,0.0015764616544944,0.0009813651062253277,0.0009820792252092313,0.0010345898713624013
2024-06-27,-0.0039352939017182,0.0009733786557355533,0.0009736678206598221,0.0010696312251133283
2024-06-28,0.0020583686249009,-0.00042023362044740656,-0.00041896512858783286,-0.0001208240559513711
2024-07-01,0.0067295469582875,0.00016657453331120938,0.000165606932166631,0.00016331210993709077
2024-07-02,0.0044627483309931,-0.00018515218243728593,-0.00018548331397037982,-0.00024956752708634735
2024-07-03,0.0057664836957704,0.0012787738475122708,0.0012777280502452096,0.0010978160691102854
2024-07-05,0.0011537588069578,-0.00013174294054731355,-0.00013051816649008576,-6.0178011108782655e-05
2024-07-08,0.0009726223243602,0.0008167670586077177,0.0008158533306428731,0.0006736638085823767
2024-07-09,0.0098951681201733,0.001239226522518135,0.00123679078837345,0.0009620538000566546
2024-07-10,-0.0086223429803143,-0.0007407303441063472,-0.0007416785505412254,-0.0009655912069126558
2024-07-11,0.0063074003522363,0.0022930273807737636,0.002290821198623227,0.002020164506397845
2024-07-12,0.0027500644616091,-0.0013600423782982487,-0.001359361643585192,-0.0012653204971481051
2024-07-15,0.0059301148603698,0.00023594418390209063,0.00023549103039703732,4.944027672212025e-05
2024-07-16,-0.0140211265946459,0.0012009274909118438,0.0011985413493597052,0.0008299553914087965
2024-07-17,-0.0076848664044614,0.0017278495144470185,0.0017297402353551442,0.0020267154013254044
2024-07-18,-0.0066406410306124,0.00020610179881643128,0.00020495375730409586,0.0002987626769095028
2024-07-19,0.0103098544358584,-0.0003510289251382044,-0.0003513928338053907,-0.00024952071362666615
2024-07-22,-0.0015683944689509,-0.00025634488550943947,-0.000257225824890661,-0.0003811133743464438
2024-07-23,-0.0226626446920269,0.0019374468674328545,0.0019403044209888216,0.002274428744710908
2024-07-24,-0.0052103090560375,0.0023040541103402806,0.0023060164120919458,0.002983565959304188
2024-07-25,0.0111996693166822,-0.0020960236235172567,-0.0020934594039547496,-0.001328714721056779
2024-07-26,0.000587801972935,-0.001548416849677404,-0.0015500768252474878,-0.001696511942504648
2024-07-29,-0.005066555674594,0.002728073089443438,0.002728118415108838,0.0027963288142012505
2024-07-30,0.0162546171274244,0.0004910248879541035,0.0004970884558324447,0.0015158754313365774
2024-07-31,-0.0141607580323944,-0.004471140041742812,-0.0044672793570469755,-0.003919351241101072
2024-08-01,-0.0186185994069911,0.0024804394283692334,0.00247767686122874,0.002273799495421722
2024-08-02,-0.0291235789858742,0.0012257656924492067,0.001225984194949926,0.001683668394513351
2024-08-05,0.0092193657279742,0.0005157905472585382,0.0005154527495170702,0.0007982602726093543
2024-08-06,-0.0066840455760512,-0.0015485316219932196,-0.0015526458075035374,-0.0020135831812121445
2024-08-07,0.0231175459997947,0.0032384373161433045,0.0032396101336713886,0.0030976567717889577
2024-08-08,0.0044096926107977,-0.002081151618942634,-0.002074513956340322,-0.001421010928546811
2024-08-09,0.0005252878444923,0.00012651893789101891,0.00013430641624097403,0.000818425242268763
2024-08-12,0.0164458476009843,0.0017857225704348374,0.0017841323481319106,0.0016240578207835292
2024-08-13,0.0031546643108888,-0.0035976738505709887,-0.00359326527294972,-0.003213223605365571
2024-08-14,0.0171400481869232,0.0020370417234137506,0.0020318476981162157,0.0012277361209139751
2024-08-15,0.0022422198428322,-0.0018149269236487197,-0.0018131755140912917,-0.001746562275804785
2024-08-16,0.0095613173891626,0.000653425113849676,0.0006543544554459399,0.0006005433553598981
2024-08-19,-0.0016260605567995,0.00011241274788059686,0.00011048864274636411,-0.00023621616273759112
2024-08-20,0.0034365713820496,0.001198729332608129,0.001198992868376961,0.0010704612345133397
2024-08-21,-0.0078485134264936,0.000811893099476928,0.0008089404109025049,0.0004701424813073256
2024-08-22,0.0106252735932128,0.0016441439333664712,0.0016437762330088824,0.0016173950860662012
2024-08-23,-0.0023838081109496,-0.0008613453417068566,-0.000861555270951993,-0.0009271374176236966
2024-08-26,0.0013730708321384,0.0020716875414587203,0.002072543500769689,0.002042690373077662
2024-08-27,-0.0058052970762896,0.0015110396032509176,0.0015112222035840157,0.0015778064768915234
2024-08-28,8.975285398959976e-05,0.0010979159915259712,0.0011005572556862003,0.0013761910459915917
2024-08-29,0.0095459595761224,0.0011640115494563359,0.0011620406570158536,0.0009788728663733645
2024-08-30,-0.0205791376802614,-0.0013471093794136507,-0.0013449094007198313,-0.0010530451364926972
2024-09-03,-0.0020467179064785,0.004263592013445853,0.0042610757750860375,0.00425081583396535
2024-09-04,-0.002432180583086,-0.0006277897636335333,-0.0006268380589461928,-9.948753147816626e-05
2024-09-05,-0.0168300902875053,0.00035861470140096166,0.0003568213824751219,0.0003746415820939108
2024-09-06,0.0111960209603516,0.0032379918346633558,0.0032341859547298487,0.003102467360520044
2024-09-09,0.0043556871607624,-0.0025171546615044282,-0.0025116930254563954,-0.0016003145791930805
2024-09-10,0.010259192298234,0.0011043631270766445,0.0011039749506236466,0.0011470838801385182
2024-09-11,0.0084231217017853,-0.0014981190661866022,-0.0014955182949715157,-0.0010883732770396492
2024-09-12,0.0052228950009911,-0.0018187806849165908,-0.0018136320306418217,-0.0011779764576297959
2024-09-13,0.0014767043578509,0.0006160771587219342,0.000613549972151585,0.000298498040988413
2024-09-16,0.00040873357753,0.0005557391393236427,0.0005547249702198419,0.00043639651552374584
2024-09-17,-0.0029659359553573,0.00021236159290065175,0.0002103834982690905,-5.85751537024704e-05
2024-09-18,0.0170643807317445,0.00038561820152273877,0.00038411192526216097,0.00019040046922673312
2024-09-19,-0.001728493464093,-0.0032407704041206705,-0.0032395377250576413,-0.003330635278592339
2024-09-20,0.0024989043931478,0.0008786849496033791,0.0008790740358213831,0.0007183704843826294
2024-09-23,0.0028611588420435,0.0006168301415907337,0.0006177509070244844,0.0006805645549515627
2024-09-24,-0.0022055740216547,-0.0006812465741848912,-0.0006796233176459552,-0.0005962269943754918
2024-09-25,0.0039646909430366,0.0024632470011397792,0.0024589812395044612,0.001877351511972766
2024-09-26,-0.0014501814141685,-0.00017343240110823447,-0.0001720223354703162,-5.434645190087375e-05
2024-09-27,0.0040071973467303,0.0014816245440293398,0.001481106512035595,0.0013607725996730724
2024-09-30,-0.0089583874338092,-0.00044271150944129496,-0.00044168971727843597,-0.0003884856203186128
2024-10-01,0.0004220736754632,0.0008887929940076826,0.0008896237391570245,0.0010667289287017078
2024-10-02,-0.0018282872845175,0.0007233380300296006,0.0007222915888863135,0.0007498684523989281
2024-10-03,0.0090873149687786,0.0010394423012639602,0.0010391546910983025,0.0010769190211463472
2024-10-04,-0.0090403754517062,1.886976725542827e-05,1.7832670038283498e-05,5.040879147254229e-06
2024-10-07,0.009457551379381,0.00211984492750236,0.00212098573500177,0.0024056493950209384
2024-10-08,0.0069262656024091,-0.0007746226602298672,-0.0007746709454701762,-0.0006405294643579152
2024-10-09,-0.0017499291458934,0.00013668216502574313,0.00013638164103306938,-4.1519414191517625e-05
2024-10-10,0.0059882343579582,0.002457741068377784,0.0024547026589033833,0.002073125892964631
2024-10-11,0.0081783478892527,-0.0009180425382914294,-0.0009158001127042329,-0.0007096869707360502
2024-10-14,-0.0077697097514622,0.00043135375309379727,0.00042831717980626525,-0.00013143273479122104
2024-10-15,0.004346629347838,0.0024831177135315034,0.002480537317140821,0.002157530450461476
2024-10-16,8.568347817150546e-05,-3.1349889399847676e-05,-3.159708342600912e-05,-4.961270464109448e-05
2024-10-17,0.00384665533089,0.0012869173316327966,0.0012845600168781212,0.0008546516091544024
2024-10-18,-0.0016422798462758,0.0013755358521935004,0.0013731574087243225,0.0009757676337339507
2024-10-21,-0.0005311796703227,0.0010921591541916973,0.0010935974941534796,0.0011846170539929332
2024-10-22,-0.0091373657810248,0.0012759158710123346,0.001274500779318274,0.0010908744060788194
2024-10-23,0.0021626945959039,0.0012254435670274503,0.0012252133861142024,0.001301971061956425
2024-10-24,-0.0003452972949489,0.00032807042121452417,0.00032721128327772874,0.0002893729638851352
2024-10-25,0.0030913222881787,0.00043312567430335493,0.00043367335206113435,0.0004791205058455118
2024-10-28,0.0016183796278272,0.0013674247365675516,0.0013674503809577325,0.0013551568854303893
2024-10-29,-0.0030253162524023,-0.0003408336821365635,-0.0003381729336704838,-5.641476766445248e-06
2024-10-30,-0.0196029809718937,0.0008666471262523005,0.0008661484709626507,0.0009281065587759473
2024-10-31,0.0042203692625932,0.0008786417663081233,0.0008796029542238488,0.0014998630549057342
2024-11-01,-0.0021538928400679,-0.0022397634067186437,-0.002238758673487675,-0.0017660696213287145
2024-11-04,0.0120919242037547,0.0010676576833993719,0.0010674407467395292,0.0012706504951692055
2024-11-05,0.024865485130566,-0.00047713830091149375,-0.0004749211265814167,-0.00012721434340082465
2024-11-06,0.0077320619787468,-0.004985542840301259,-0.004977850288829286,-0.004450979090597001
2024-11-07,0.0043318166763386,0.0009952090834619755,0.0009945208276913892,0.0006398141857923051
2024-11-08,0.0009528857307679,-0.0008204006865110697,-0.000818661305736212,-0.0006522517758961328
2024-11-11,-0.0031064400712772,-0.0002535701430512417,-0.00025607278423800004,-0.0006072842926165806
2024-11-12,0.0004857686989643,0.0013630191688223485,0.001356997208465516,0.0006432800785987933
2024-11-13,-0.0064299985241053,3.815569228142121e-05,3.7074692185652116e-05,-0.0001333468327858906
2024-11-14,-0.0128087444589711,0.0021235884560396392,0.0021221332636404983,0.0019239979007063639
2024-11-15,0.0040974101275608,0.0006999443418481318,0.0007003543549362418,0.000837440927297159
2024-11-18,0.0036554745910837,-0.0003979418928982951,-0.0003968467230555983,-0.0002585745990444933
2024-11-19,0.0003388277383316,0.0006450938903453905,0.0006453685981929111,0.000536726204354778
2024-11-20,0.005368352731534,0.0011438083023623449,0.001145797589662625,0.0013885785818236766
2024-11-21,0.003099499050194,-0.0010271522273640724,-0.0010229874624854472,-0.0005054392206131393
2024-11-22,0.0033921047115423,0.0007053271977707467,0.000704441677828868,0.0006027076232765222
2024-11-25,0.005221275893982,0.0005206043905183009,0.0005201787634563482,0.0004882790818260483
2024-11-26,-0.0030300883971953,-0.0003711206222095561,-0.00037035850680864203,-0.0002870981103088385
2024-11-27,0.0062121544032733,0.002039089185276919,0.0020372338510950758,0.0018754091192174
2024-11-29,0.0017924307507057,7.661994156760415e-05,7.558956865749266e-05,9.8139040866777e-05
2024-12-02,0.0004638422337899,0.0011643156907758883,0.0011625764919151746,0.0010012816977709514
2024-12-03,0.0062093036928241,0.001964169594742297,0.001961479686807808,0.0017406162777731486
2024-12-04,-0.0016456373133858,-0.0006006684000092363,-0.0006003633712210698,-0.0006179965303223246
2024-12-05,0.0018957974675537,0.002192845116529665,0.002190344180364902,0.0017959790687480507
2024-12-06,-0.0051495705890026,0.0008407032262004152,0.0008402236084349367,0.0007188398176980812
2024-12-09,-0.0031090937334795,0.0014202288650066917,0.0014198244839279885,0.0013347833341144787
2024-12-10,0.0077306362096705,0.0011699994449660294,0.0011685655633755124,0.0010271258595857264
2024-12-11,-0.0051528447236406,-0.0002895040896751911,-0.00028877576159603495,-0.00031593462176217584
2024-12-12,-0.000198412064443,0.0026698321035178887,0.0026687999741431103,0.0024842385977119743
2024-12-13,0.004270056430311,0.00033709964407501543,0.00033875255874427746,0.0006282791044555667
2024-12-16,-0.0041201963634855,-0.0014507648502586285,-0.0014494028602752243,-0.00125487042646723
2024-12-17,-0.0298033611475635,0.00045645595208653725,0.0004550726950771982,0.00037806216814750804
2024-12-18,-0.0003070465047961,0.0015922989822991728,0.0015941916267053046,0.0024011555944472886
2024-12-19,0.0120107998786316,-0.0035303230865329745,-0.003528274967960825,-0.002762167848713306
2024-12-20,0.0059885245063233,-0.0030277905795759864,-0.003026753696958898,-0.0029125457415157124
2024-12-23,0.011114887732055,0.0017467898281472382,0.0017486234806335802,0.001953620809865322
2024-12-24,6.648855168323031e-05,-0.001679116041617921,-0.0016701645462472,-0.0005915235726623047
2024-12-26,-0.0105263788179079,0.0002636399974013103,0.0002641746350176681,0.0003762371996755739
2024-12-27,-0.0114115851769064,0.0013431311826137718,0.0013404941667597467,0.0013186467475848676
2024-12-30,-0.0036380299989984,0.0005293801735267177,0.0005282125172287905,0.0007320674594527328
2024-12-31,-0.0024572299207941,0.0003498287470450034,0.0003474605230219395,0.0002713791143341698
2025-01-02,0.0125036182584916,0.001298821278086836,0.0012988417251517627,0.0013953431551382996
2025-01-03,0.0057605099049664,-0.0008843303812369689,-0.0008802930331967484,-0.0004669837940821142
2025-01-06,-0.011304045433904,0.00031648277931569334,0.00032033165219351526,0.0006488534395504759
2025-01-07,0.0014610115160782,0.002217264138220314,0.00221865296864592,0.002535377280145902
2025-01-08,-0.015267427998534,-0.0014009878841373417,-0.0013991224892503744,-0.0009934032855828307
2025-01-10,0.0015504777948436,0.00236188710286177,0.0023584179919834618,0.0021178672211839503
2025-01-13,0.0013759502770052,0.0003768753317478573,0.0003763613001979818,0.0004595498839024661
2025-01-14,0.0181900288439493,0.00015581495847340166,0.00015908367750040687,0.0005146142967292009
2025-01-15,-0.0019231016950377,-0.0010286387394625976,-0.0010270260469991176,-0.001023101558178432
2025-01-16,0.0100397952881523,0.0018300590721895375,0.0018342544147800885,0.00215864156815439
2025-01-17,0.0091535843297019,-0.0010648107824990094,-0.001063584549074302,-0.0010205487958005318
2025-01-21,0.0056215377532873,-0.000851941658702988,-0.0008521730372603271,-0.0010323368156650633
2025-01-22,0.0054579556124085,0.0013053148680825205,0.0013007647344274109,0.0006567931715745269
2025-01-23,-0.0029192649597693,4.821514725560159e-05,4.919123539609213e-05,5.378317490442434e-05
2025-01-24,-0.0141454583328227,0.0020846671627309647,0.0020818473264512696,0.0016846272415448021
2025-01-27,0.0085924197825555,0.001361658356730194,0.0013600006021713337,0.0012079167262065197
2025-01-28,-0.0044828644654661,-0.0011839903074004308,-0.0011842445440367233,-0.001313526304967417
2025-01-29,0.0053670822667903,0.003239511679437857,0.0032371710038374777,0.0027853051962115553
2025-01-30,-0.0053221162917808,0.001009873604548235,0.0010109779852979326,0.0011344948935348629
2025-01-31,-0.0067293477898709,-0.00028989140481567644,-0.00028590644223172937,0.00020601619571085513
2025-02-03,0.0067081613834516,0.0009051553335762559,0.0009031974513893302,0.0008557859546221208
2025-02-04,0.0040546298025194,-0.00044967317734667916,-0.00044840166479216204,-0.000293356700130185
2025-02-05,0.0034756291897781,0.0019203352588375903,0.001918699382736627,0.0016020872175636046
2025-02-06,-0.0091535130138586,0.0011371752238496144,0.0011385865712355905,0.0013147342344152382
2025-02-07,0.0067911209503601,0.001264923546265883,0.001266322348223993,0.0015755146037666357
2025-02-10,0.0007605411933127,-0.00019824575903003072,-0.00020024787000139728,-0.0002561930596577008
2025-02-11,-0.0032214850727226,0.0015172810557948137,0.0015150916202890659,0.0012893387461329476
2025-02-12,0.0105576042788495,0.0016732073523566936,0.0016718038159080693,0.0016915569191620597
2025-02-13,-4.9380599289050586e-05,-0.0016944666583270547,-0.0016919641515011307,-0.0014853684847684371
2025-02-14,0.0029359997865838,0.002460848893085177,0.0024574149238407407,0.001909130549545232
2025-02-18,0.0023549188372289,0.0013583208073566283,0.001357150821841616,0.0011112193008062815
2025-02-19,-0.0041602448320542,0.00036005662821152066,0.0003601388847649894,0.00018488754327135483
2025-02-20,-0.0171043095187193,0.0020179694580869413,0.0020147644015094104,0.0015549413288180277
2025-02-21,-0.0045503038606287,0.0008766359219108695,0.00087784350846389,0.0013022032992071671
2025-02-24,-0.0049731829410324,-0.0006593214126533407,-0.0006586400198076903,-0.00026153781945263536
2025-02-25,0.0005047975617609,0.00018740671413685,0.00018776704772142266,0.0004914536951029819
2025-02-26,-0.0159619111900132,0.000669200083221183,0.0006713245459241133,0.0011191218864160272
2025-02-27,0.0156055966610777,0.0010084073315604607,0.001013243423522796,0.0019387620613604143
2025-02-28,-0.0175198731860664,-0.004568587004877225,-0.004564115540548831,-0.0038759653172380317
2025-03-03,-0.0118369730766261,0.0027512660458445517,0.0027519767504649607,0.0029851089971108065
2025-03-04,0.0107478396111659,0.00025948045391707757,0.00026007874314792293,0.00078741541347885
2025-03-05,-0.0177510502483798,-0.004196431612266957,-0.004191002519265693,-0.0034563059427849692
2025-03-06,0.0056046684432939,0.004881262215584698,0.004875616639172476,0.004252887840857403
2025-03-07,-0.0266355145223966,-0.0020315115294511034,-0.00202588017881188,-0.0012023827840737665
2025-03-10,-0.0083128911773718,0.0031174380394506374,0.0031173921403544512,0.0031866714465578305
2025-03-11,0.0053066002180262,0.0013124440073431012,0.00130815802297369,0.000962085344841736
2025-03-12,-0.013330436330021,-0.0014789224820779367,-0.0014757412181070375,-0.001291087459753714
2025-03-13,0.020655678645411,0.0051682958155517085,0.005163597038675139,0.004436037814212705
2025-03-14,0.0077114479445552,-0.003564582486492345,-0.003556386438436,-0.002746553127634361
2025-03-17,-0.0108084878986289,0.0006208532935537189,0.0006229662672375149,0.0005258899905959861
2025-03-18,0.0108908459950212,0.0038636999993437457,0.0038618815453379104,0.003587657145010278
2025-03-19,-0.0028915894766109,-0.0035650083600209893,-0.0035594090791521973,-0.0029742846505910314
2025-03-20,0.0003298919184053,0.0022914511809261906,0.002286285640610606,0.0014250872159008068
2025-03-21,0.0179083760414369,0.0008598559375376883,0.0008592052634871091,0.0007105434397826442
2025-03-24,0.0024039293468809,-0.002691657525007915,-0.002686532834740043,-0.0023126885929621826
2025-03-25,-0.0119383345766745,0.0031577262542920965,0.0031552786706182286,0.0026044280795101873
2025-03-26,-0.0026557358811503,0.0032647311625904007,0.0032655233515953615,0.003356251802992339
2025-03-27,-0.0201384306319902,0.0001291281954296171,0.00012926822161877247,0.00019895409385605421
2025-03-28,0.0067128013729247,0.004061684588798816,0.004056361212429608,0.0034015568346054846
2025-03-31,0.0028245537010416,-0.0015424631854332486,-0.0015411946753610612,-0.0014145067188852558
2025-04-01,0.0063284086265045,0.001117814478712893,0.001120683378213863,0.0012454517724739412
2025-04-02,-0.0492809107298252,0.0008492496128990303,0.0008514708218345063,0.0009278107130755859
2025-04-03,-0.0585429416351171,0.005764234253388606,0.005766936564964299,0.006455710711256106
2025-04-04,-0.0017811273143752,0.005274764853255165,0.005267329000696691,0.004900247968061264
2025-04-07,-0.015662754316898,-0.0035379447224722868,-0.003542910577387034,-0.004194909661370077
2025-04-08,0.1050192533240781,0.007683730484564477,0.007672980151446398,0.005810720542983302
2025-04-09,-0.0438189546994144,-0.015299444906074296,-0.015277020128158436,-0.013324484683510005
2025-04-10,0.0178428937611165,0.012423590072449453,0.012432905186581853,0.012901502592330435
2025-04-11,0.0097015058593654,-0.004012368125126011,-0.004008024322890807,-0.002910339501082119
2025-04-14,-0.0028010214004097,-0.006492419324331711,-0.006487859368453195,-0.006269259437079713
2025-04-15,-0.022228193519776,0.009107178241527894,0.009079182829957769,0.005610473458536302
2025-04-16,0.0014268351928818,0.0026754928999019097,0.0026833858682923303,0.003507986556988314
2025-04-17,-0.0238026511339158,0.00034951633611810375,0.00034345719219795485,-0.0005235772847839904
2025-04-21,0.0260177010869189,0.006955047596142741,0.006947003348139146,0.005607158567915641
2025-04-22,0.0154955995178556,-0.0019872977264666462,-0.001985354371228626,-0.0021838357616293224
2025-04-23,0.0210489129498683,0.00026548160838626305,0.00027205175410695086,0.000304496277583882
2025-04-24,0.0072254245276557,0.0009479740905592343,0.000950617816047684,0.0008636382856523399
2025-04-25,0.0003812727202627,-0.0007584589528848081,-0.0007499116629703466,-5.01539214455641e-05
2025-04-28,0.0062992764759108,0.0019184542996337683,0.0019129492287947413,0.0011733793047372827
2025-04-29,0.0003969417508358,-2.3743660449024036e-05,-2.5685495726644747e-05,-0.0004565099374856976
2025-04-30,0.007086979683865,0.002120279356809388,0.0021165405535070545,0.0013595621740851286
2025-05-01,0.0148440240385014,0.0010376231124015196,0.0010383527963760627,0.0007772717608130523
2025-05-02,-0.0057343247974246,-0.0006894912813428402,-0.0006868969524036679,-0.0005590441046733719
2025-05-05,-0.0083583265948732,0.003576458081772621,0.003573991773794212,0.0034817360709428805
2025-05-06,0.004205416800135,0.0020350219266955447,0.002033596579644449,0.002251842467194508
2025-05-07,0.00696798393704,-0.0004092709867960407,-0.0004125275124269368,-0.00047729755136805224
2025-05-08,-0.0012742212112867,0.001053705463588087,0.0010515739323191141,0.0006102058114341992
2025-05-09,0.0330474294146709,0.0026332312408682184,0.0026342772718645326,0.002878965074157348
2025-05-12,0.006603966987809,-0.006147327785427413,-0.006139853221790387,-0.005227519745951003
2025-05-13,0.0012780825092013,0.0007439173857847358,0.0007455573275580282,0.0008778932808039106
2025-05-14,0.0048841792850251,0.0004520872739346881,0.00045341718996245246,0.000947361630173056
2025-05-15,0.0063340439294972,-0.0032611225599930684,-0.0032580725696092234,-0.002481160060799566
2025-05-16,0.0010938196429841,-0.0004711383379715166,-0.00047728137896643156,-0.000874626422274836
2025-05-19,-0.0033621536762168,0.00029385067490178714,0.00029287260877877523,0.0006301145394797202
2025-05-20,-0.0168507753465551,0.0006472843727231308,0.000647275470377223,0.0010495418561907127
2025-05-21,0.00039460189702,0.0012920621403193213,0.0012903194982761758,0.00146703648359539
2025-05-22,-0.0068257458335287,-0.0006989586752020729,-0.0007002514031982188,-0.0005918984831340648
2025-05-23,0.02079068471986,0.001617332889609472,0.0016160512172441086,0.001548876157108916
2025-05-27,-0.0057854517409962,-0.0023986862554792585,-0.0023958301248549986,-0.0019962250158067235
2025-05-28,0.0039474422766603,0.0021014402480814993,0.002105033324898768,0.0025499733209464665
2025-05-29,-0.0011185059286688,-0.00037965325306626465,-0.0003788281387604082,7.80090692587465e-06
2025-05-30,0.0056328162821248,-0.0018092949438403881,-0.0018069219655122133,-0.0013763585809565063
2025-06-02,0.0057026622901352,0.0008540294631138326,0.0008492157511280894,0.000370738518684866
2025-06-03,-0.0002685124317829,-0.0002242128777833137,-0.00022245654899338265,3.6768970593294386e-05
2025-06-04,-0.0048327562642984,0.001702636237143413,0.0017008360476370216,0.0016466149237476771
2025-06-05,0.0102690309737645,-0.00029299244567701396,-0.0002926676514588497,-2.563617358972419e-05
2025-06-06,0.0009012287764704,-0.001220745716496001,-0.0012221514927279115,-0.001322779459137208
2025-06-09,0.0056698216019852,0.0026801584344799557,0.0026764609409104818,0.002177648401285607
2025-06-10,-0.0028521799815779,0.0005315170880556725,0.0005315444100670011,0.00042994892092101846
2025-06-11,0.0039743787144976,0.00048129828531527977,0.00048236467890347537,0.000533499198133044
2025-06-12,-0.0111800597851331,0.0005752240370740831,0.0005726529959510733,0.00021253096835587417
2025-06-13,0.0095142398426133,0.0012495822930352883,0.0012493582996631267,0.001242006451423369
2025-06-16,-0.0085451713984311,-0.001533364971145108,-0.0015333765032247563,-0.0016042038367733236
2025-06-17,-0.0001507130904417,0.0017321182466609746,0.001732586636717866,0.0016829587868755452
2025-06-18,-0.0023484742531844,0.0007559338769762698,0.0007555491027361354,0.0007764603492104867
2025-06-20,0.0098773818972228,-0.001319985270816307,-0.0013165665080048354,-0.0008324861352764576
2025-06-23,0.0110473928288654,-0.0009098610634243218,-0.0009113699143239562,-0.0011216905070907464
2025-06-24,0.0005602826615349,-0.00018129712682793538,-0.00017967638431317474,-0.00018855955424352904
2025-06-25,0.00782380972807,0.0020092885365857213,0.002008699342712362,0.0018164899693395688
2025-06-26,0.0049683222933454,-0.0015109186295442644,-0.001509750830627996,-0.0014373075640200768
2025-06-27,0.004781279687299,-0.0006129109755656873,-0.0006150023379868502,-0.0010029112933974942
2025-06-30,-0.0003237141327537,-0.00037368061860734074,-0.00037564231471800473,-0.0006910216978745603
2025-07-01,0.0045332655788041,0.0007217143695230057,0.0007215095830292935,0.0006593450460388368
2025-07-02,0.0078814002435436,0.00024710086416645995,0.00024553404200171195,2.238908666892794e-05
2025-07-03,-0.0074519719210669,0.0007008413685818791,0.0006997410000603557,0.0004743577939580541
2025-07-07,-0.0005477352950125,0.002308460356802782,0.002306938914651043,0.0021744160190283997
2025-07-08,0.0059966560783442,0.0005546937989541618,0.0005549405630571067,0.000695441905784856
2025-07-09,0.0028203571621754,-0.0003338478762641795,-0.0003344777157832284,-0.00044687762903232377
2025-07-10,-0.0035156053552534,0.00210548248401711,0.0021035618690081444,0.0018113448405104831
2025-07-11,0.0019082832595347,0.0014864922991630176,0.0014883627743260764,0.0017805938040048887
2025-07-14,-0.0042732121893562,0.0005329208089152505,0.0005331912075682365,0.0006476782058634543
2025-07-15,0.0033432733845384,0.0010973469441967801,0.001095617015189228,0.001006592224926641
2025-07-16,0.0061195384108301,-0.0008740779081653136,-0.0008735844121319249,-0.0007272913712911688
2025-07-17,-0.0007322363413652,-0.00041839644286436847,-0.00041716230099831026,-0.000233419664983631
2025-07-18,0.0018960449732978,0.001515173993901627,0.001514293047709088,0.001510181399800256
2025-07-21,0.0001431954391026,4.253131300865757e-05,4.3293096840740525e-05,0.0002891330974253211
2025-07-22,0.0085072800873691,0.000750059517995207,0.000748458298664952,0.0006361782673725842
2025-07-23,0.0003312243243982,-0.0005556362333505978,-0.0005569482918360944,-0.0007820445918671944
2025-07-24,0.0042243381524911,0.0008588341190028798,0.0008584127326284091,0.0007209734390610224
2025-07-25,-0.0002511658677887,0.0007300033526287477,0.0007289621688669707,0.0005416601428481311
2025-07-28,-0.0026375650574512,0.001091222379371985,0.001090275630749355,0.0009003392978563792
2025-07-29,-0.0012593696215839,0.001533542835249196,0.001530842967658393,0.0012099635351406094
2025-07-30,-0.003751164153554,-0.0007205522846814159,-0.0007201180999184076,-0.0006563306949888473
2025-07-31,-0.0163904176213074,-0.0007261441412803985,-0.0007261653158661238,-0.0006936666037305499
2025-08-01,0.0151997641600734,0.0003812617939838611,0.00038258356364227644,0.000823945485768797
2025-08-04,-0.0050700241167128,-0.0029388387400952746,-0.0029367639591693917,-0.002652803268414227
2025-08-05,0.0076598577404451,0.0024785196187278725,0.0024781903903711615,0.002408962171515174
2025-08-06,-0.0008377338742812,0.0001520093116401071,0.0001537756338669497,0.0004065798647784584
2025-08-07,0.0077975548309496,-0.0005765636723642462,-0.0005721486230025558,-6.624733294295973e-05
2025-08-08,-0.0019775013459851,0.00045005639614353985,0.0004463244595289766,-5.037842413501835e-05
2025-08-11,0.0106459818027309,0.001172838889115201,0.0011734665895923647,0.001194817083474715
2025-08-12,0.0034232287352642,-0.00039837983591813075,-0.0004004141406803094,-0.0007771314618093137
2025-08-13,9.301357079483096e-05,0.0008249534213848976,0.0008242890685339931,0.00052146878390701
2025-08-14,-0.0023412936104089,0.0016955309703652215,0.0016930255485083203,0.0013054390793851628
2025-08-15,-0.000217520760141,0.0003278372462347549,0.00032803377355805277,0.00033132475563403367
2025-08-18,-0.005425196437217,0.0015268443577332452,0.001523364807067764,0.0010815718607210937
2025-08-19,-0.0026570808049446,0.0015499156561903787,0.0015485573636617722,0.0014142940855580532
2025-08-20,-0.0040118098056124,0.0001905863027111397,0.00019109468579918344,0.0003019716310017696
2025-08-21,0.0153568330410969,0.0013385702407197938,0.0013388854637248163,0.0014450403590043639
2025-08-22,-0.0044010200352035,-0.0019115524552496366,-0.0019100878576792924,-0.0019373133829507397
2025-08-25,0.0041868727051035,0.0029252054172973873,0.002925748196004956,0.0028354604663430928
2025-08-26,0.0022785486235445,0.00041012942116541533,0.0004111860367792177,0.0005491553763710211
2025-08-27,0.0035414199062957,1.4765639124445613e-05,1.5568039509439107e-05,2.1754357186725966e-05
2025-08-28,-0.0059637344916608,0.0012168466893634506,0.0012129687318023974,0.0006865682948584031
2025-08-29,-0.0074102526816088,0.0006430635623480718,0.0006438111870404354,0.000831965864342638
2025-09-02,0.0054195461630077,0.00011326066712091532,0.00011277556275392491,0.0002699582784472188
2025-09-03,0.0083575134123226,-0.0013023144387034236,-0.001302420432407782,-0.001249906472907934
2025-09-04,-0.0028962888998979,0.0003430661033605396,0.0003419073100828583,-8.191658714316332e-06
2025-09-05,0.0024565777359784,0.0008587576487049828,0.000860327907017205,0.000998208763364938
2025-09-08,0.0023119797320374,-0.00043119291329224993,-0.00042933383495316895,-0.00022889021667923243
2025-09-09,0.0028907101289483,0.00014365692733685936,0.00014170544729866626,-0.00021120279987304634
2025-09-10,0.0083101958385816,0.0003739869527619083,0.00037192081444255894,-5.7725340517228896e-05
2025-09-11,-0.0003344427624296,-0.0005908279026758855,-0.0005899566298451112,-0.0007739475707583479
2025-09-12,0.0053237745574754,0.0010067191724291422,0.001005944726789002,0.0007128920954905032
2025-09-15,-0.0013767915798059,-5.629636792448499e-05,-5.662538162040599e-05,-0.00022887036669359177
2025-09-16,-0.0012424570616919,0.0011515487936479153,0.001150408503911997,0.0009041535913547639
2025-09-17,0.0046724059178502,-0.0005401679014504479,-0.0005412354920955283,-0.0006689049734525614
2025-09-18,0.0049529620955317,-0.001486770550820392,-0.0014858026556436924,-0.0014343431555888415
2025-09-19,0.0047310493531074,-0.0006754292205572811,-0.0006760954299401387,-0.0008623890737087565
2025-09-22,-0.0054435629372223,0.0002964997041537187,0.0002973263757931223,0.00027346500945377145
2025-09-23,-0.003181571733739,0.0008462617067787796,0.0008466780429417162,0.000925688248762606
2025-09-24,-0.0046134675645117,0.0006963443802125172,0.0006951265612926075,0.0006526000856914027
2025-09-25,0.0057289405626275,7.724600478910875e-05,7.63534137883967e-05,3.859547259823983e-05
2025-09-26,0.0028105400319002,0.00027056732724421034,0.0002696779018816835,0.00013302162500637482
2025-09-29,0.003766742028707,0.0006285278135089767,0.0006298979856089008,0.0007298245692234352
2025-09-30,0.0034075725394382,-0.0003034687056566093,-0.00030214345275258753,-0.00012078767198965708
2025-10-01,0.0011518247966859,-0.00013021129492453063,-0.00012910943055265264,-6.8497935761688234e-06
2025-10-02,-1.4713447336833774e-05,0.0015209180752250575,0.0015187706739337604,0.0012521104216076874
2025-10-03,0.0035861796762737,0.0006516280260685142,0.0006505641452509537,0.0005505559037878514
2025-10-06,-0.0037074222575269,0.0009510045893385685,0.0009492207393923542,0.0007034642249103369
2025-10-07,0.0059629627483597,0.0015281213051199262,0.0015265131298259015,0.0013431525356600057
2025-10-08,-0.0028969747249332,0.0002402350423084315,0.00023941443269806273,7.987508153346697e-05
2025-10-09,-0.0270278621788456,0.0015612645670684839,0.0015604357621334492,0.0013836585400988275
2025-10-10,0.0153441181351683,0.0019858094744404347,0.0019858069640297862,0.002493436211614677
2025-10-13,-0.0012216462876413,-0.004216107533852699,-0.00421317410143128,-0.003690365595325125
2025-10-14,0.0044395299096053,0.0017770889877692267,0.0017753770789059786,0.0014664919057332663
2025-10-15,-0.006810227081276,0.001260966589156351,0.0012625395613190444,0.0015374532138361739
2025-10-16,0.0056762988463516,-0.0013286625933903494,-0.0013206017039231353,-0.00015562354546825154
2025-10-17,0.0104005002629232,-0.0009175293461546329,-0.0009199603223798581,-0.0010836321037964972
2025-10-20,-1.494287878323064e-05,-0.00031456249208927515,-0.0003140994679364916,-0.0004808020565551433
2025-10-21,-0.0051990077413519,0.002511786153393465,0.0025100421351444725,0.0021927245519439593
2025-10-22,0.0059300554070227,0.0005758975365964444,0.0005777683258014699,0.000926287444395737
2025-10-23,0.0081725546944804,-0.0007844346741096466,-0.000785878039277331,-0.0009553160223803105
2025-10-24,0.0117976644927846,0.00046411129029740245,0.0004611396348378424,-0.00013847992182973868
2025-10-27,0.0026560160190798,0.0003959040579783957,0.0003958806715971409,8.851484116872423e-05
2025-10-28,0.0004802810674313,0.000957632871960587,0.0009588168031690422,0.000900785625819994
2025-10-29,-0.0109980090706447,0.00017353943713967494,0.00017264880820850215,3.1597587275773763e-06
2025-10-30,0.0032802217906446,0.0019050202599707636,0.001902485568436023,0.0016444961118012229
2025-10-31,0.0018766494782573,-0.0004988492082046467,-0.0005010670548219315,-0.0007706089557156414
2025-11-03,-0.0118536374188805,0.001403137843134661,0.0014021759276114038,0.0011157520490997982
2025-11-04,0.0034654766561541,0.0034112070243788872,0.0034102932943024704,0.0033474979176469992
2025-11-05,-0.0107292730447949,-0.0010482282710101106,-0.0010446999151567887,-0.0005930044842936897
2025-11-06,0.0009844731787751,0.0023780417328357383,0.0023764325056765743,0.0022065967197542943
2025-11-07,0.0156042786271433,-0.0006070461684448876,-0.0006068063461419717,-0.0003344834372579242
2025-11-10,0.0022893578545384,-0.002308821135893634,-0.002304838948360915,-0.0019414824313806426
2025-11-11,0.0005563002125366,0.0027377173007249746,0.0027361419844724125,0.002470141483560231
2025-11-12,-0.016593906361188,0.0006055936556902611,0.0006083682627627816,0.0010369090516104832
2025-11-13,-0.0001638243733123,0.0004534239205496055,0.00045332449280338356,0.0008029874454167537
2025-11-14,-0.0093163475155154,-0.001470006369667346,-0.0014726156153276636,-0.0014404588269989384
2025-11-17,-0.0083975533437948,0.0010387431241511646,0.0010383452582298394,0.0012128937752201672
2025-11-18,0.0038631766432766,0.0005090358272771777,0.0005099292340984413,0.000965689029171746
2025-11-19,-0.015242227316648,-0.00207323933773987,-0.0020679172467217557,-0.0011989711263871356
2025-11-20,0.009961138168965,0.0012459423008532393,0.0012463359848539645,0.0015540759141233246
2025-11-21,0.0147186068762346,-0.0029655337619926094,-0.002961052466699134,-0.002232495307127907
2025-11-24,0.0094059280657106,-0.0016269497170743569,-0.0016233286486241848,-0.0013699846502418307
2025-11-25,0.006903490619724,0.001157714208531308,0.0011581875250538454,0.0010676587285663344
2025-11-26,0.0054584342293309,-0.0008557806929964572,-0.0008503678704575551,-0.00029611439033033575
2025-11-28,-0.0045654703011644,0.0002947936386918493,0.0002927578206282939,-1.5066965505934312e-06
2025-12-01,0.0018521864059071,0.0019997403246469897,0.0019960120871210804,0.0015316668828024111
2025-12-02,0.0034628396910831,0.000459398410171107,0.00045761561126069167,0.00019513085396057745
2025-12-03,0.0007311397879883,0.0008037011763820096,0.0008020540606048308,0.00048347929990597417
2025-12-04,0.0018993947528218,0.0018173785372949712,0.0018161247049443112,0.001546531427082794
2025-12-05,-0.003004209105806,0.00022032677341829432,0.00022197969824421052,0.0003796223280340083
2025-12-08,-0.0008630280735731,0.001636566699728698,0.0016357807563776893,0.0015405932540960405
2025-12-09,0.0066320544583671,0.0011299295552739891,0.0011293807114717545,0.0010246700479724503
2025-12-10,0.0023270357445543,-0.0005989800319379138,-0.0005978696537567824,-0.000622082072351991
2025-12-11,-0.0107519862782626,0.0009158224780203843,0.0009162701917965485,0.0007876498557544438
2025-12-12,-0.0015108084138407,0.001597151136041329,0.0015981281221228191,0.0017980937758514297
2025-12-15,-0.0027323753023793,-0.0005862654879158605,-0.0005854150512215048,-0.0003586816592153582
2025-12-16,-0.0110035939834002,9.381077438087453e-05,9.239768013828036e-05,-1.4918508977195943e-05
2025-12-17,0.0075512627097522,0.002185137647368129,0.002183830954285811,0.0022582729499846803
2025-12-18,0.009063506223587,-0.0022037833115991605,-0.002200067186579502,-0.0016056650012326984
2025-12-19,0.0062298038504335,-0.000954511470780733,-0.0009538127894419184,-0.0008452919699247289
2025-12-22,0.0045704923473306,0.0010798973889081368,0.0010801523899972645,0.0011054935720329188
2025-12-23,0.0035176743962448,-0.00013924766461715255,-0.00013691891770457214,7.90337132408499e-05
2025-12-24,-0.0001014096654521,0.0011224608961198134,0.0011194486876384604,0.0006543848971649823
2025-12-26,-0.0035636535074947,0.0016862844434833153,0.0016830214578740525,0.0012017919233285436
2025-12-29,-0.001221213613365,0.0013969264845638892,0.0013949516957218982,0.001137621741770926
2025-12-30,-0.0074088529688375,0.0011865332188082177,0.0011848471994555414,0.0009953086905979515
